country_code,decade,geo_change,longrun_effect
AFG,1960s,0.10157852945739992,7.255686871420556
AFG,1970s,-0.399052804019661,-28.50407666457989
AFG,1980s,0.0779435987600958,5.567459474514964
AFG,1990s,-0.036710052702207494,-2.6221746747403785
AFG,2000s,0.432962801196227,30.92624523345155
AFG,2010s,0.032602860601446626,2.3288006717588665
AFG,2020-2024,-0.15799593356828628,-11.28554456392297
AGO,1960s,0.12170543113266989,8.693338085980349
AGO,1970s,-0.06680291086478149,-4.771687539910163
AGO,1980s,0.1424727549635189,10.176734229623314
AGO,1990s,0.1026811145400453,7.334443791327821
AGO,2000s,-0.0008705351111842896,-0.062181744617394084
AGO,2010s,0.023045110287520376,1.6460969169053017
AGO,2020-2024,0.02858547359067526,2.0418413866897343
ALB,1960s,0.030085375658874904,2.148978394901856
ALB,1970s,-0.0495724100404378,-3.540924313793347
ALB,1980s,0.1834034712224477,13.1003880980552
ALB,1990s,0.2716861152588341,19.406358707501145
ALB,2000s,-0.020047175598605804,-1.43195643387285
ALB,2010s,-0.07997814456455687,-5.712785729596487
ALB,2020-2024,-0.02404822346301927,-1.7177486245731968
AND,1960s,0.00036131406874460176,0.025808423877106745
AND,1970s,-0.008547047158088898,-0.6105098999327979
AND,1980s,-0.007233334407348701,-0.5166722709645529
AND,1990s,0.059982673152155996,4.284522491392528
AND,2000s,0.1437276816902956,10.26637281195667
AND,2010s,-0.06784057061752988,-4.845806886638602
AND,2020-2024,-0.0565096176442738,-4.036444443926564
ARE,1960s,0.1958274016582362,13.987821194753037
ARE,1970s,-0.012523677222222501,-0.8945579433820874
ARE,1980s,0.24736282501968132,17.668962245860243
ARE,1990s,-0.08366944129550918,-5.976452602629143
ARE,2000s,0.04581819987862956,3.2727635761936815
ARE,2010s,-0.0087960142118651,-0.6282934511729034
ARE,2020-2024,-0.01666467253595344,-1.1903464874075473
ARG,1960s,-0.13572596069365933,-9.694815197427388
ARG,1970s,-0.028193035072983708,-2.013809764103108
ARG,1980s,0.2417857572087966,17.270595997474764
ARG,1990s,0.0024872359054017856,0.17766160822910862
ARG,2000s,-0.2558628579315008,-18.276113949417795
ARG,2010s,0.14725550607235338,10.518362963717125
ARG,2020-2024,0.009792266134854566,0.6994550641325953
ARM,1960s,0.27846030550167,19.89023461584517
ARM,1970s,-0.21982987064980358,-15.702301607829222
ARM,1980s,0.3021536426001132,21.582633943179516
ARM,1990s,0.23558861923638508,16.827938549419606
ARM,2000s,-0.08580631885003609,-6.129088346629714
ARM,2010s,0.05939720256316566,4.242702716201537
ARM,2020-2024,0.04788360894660232,3.420294373682611
ATG,1960s,-0.2113997975218242,-15.100147085150814
ATG,1970s,0.08865791617461499,6.332776048952696
ATG,1980s,0.1036379927177279,7.402792963819751
ATG,1990s,-0.08174756187856491,-5.839174032753567
ATG,2000s,0.12410556045629689,8.864777728945993
ATG,2010s,0.07990953168424689,5.70788475714163
ATG,2020-2024,-0.013416458449674207,-0.958328713304374
AUS,1960s,-0.09619353754972892,-6.871040477188393
AUS,1970s,-0.0054534178178108905,-0.3895340115319901
AUS,1980s,0.1130143057687682,8.072536775530407
AUS,1990s,-0.02726394605580018,-1.9474455528827963
AUS,2000s,0.03343785669483157,2.3884438879466083
AUS,2010s,-0.016584537911766895,-1.1846225244425157
AUS,2020-2024,0.07738754696572536,5.527741064278129
AUT,1960s,-0.03440930629431471,-2.45783388741665
AUT,1970s,-0.016906414913480272,-1.2076139848231604
AUT,1980s,-0.1501061866717801,-10.72198518497155
AUT,1990s,0.19202569454402119,13.716267781399438
AUT,2000s,-0.009787063391626272,-0.6990834356404468
AUT,2010s,-0.09087551830889043,-6.491177896052131
AUT,2020-2024,0.09543344053888461,6.816747252704355
AZE,1960s,0.2615787040890141,18.684393042900062
AZE,1970s,-0.1814454737422531,-12.960529638918118
AZE,1980s,0.2355223938102324,16.823208111229007
AZE,1990s,0.2013964516533301,14.385614735883532
AZE,2000s,0.020945976789428167,1.4961572057791015
AZE,2010s,-0.0332750326028074,-2.37681347123196
AZE,2020-2024,-0.0490094642056324,-3.5007134668285715
BDI,1960s,-0.029065458388175716,-2.0761263818782703
BDI,1970s,0.049784786981363405,3.5560942575826258
BDI,1980s,0.03408380753743889,2.4345837274710087
BDI,1990s,-0.07438368079216981,-5.31317689923859
BDI,2000s,0.10317344193412423,7.369610409989663
BDI,2010s,-0.25256710169433233,-18.040700271063116
BDI,2020-2024,0.1853205379065242,13.23732289761956
BEL,1960s,0.049495233276609374,3.5354116288285238
BEL,1970s,-0.09855682872582738,-7.039848795750958
BEL,1980s,0.09928874114261549,7.092128813407113
BEL,1990s,-0.04853885259575891,-3.467097992204781
BEL,2000s,0.04957201672049799,3.5408962192113638
BEL,2010s,-0.15978240377304462,-11.413150943736582
BEL,2020-2024,0.09872886876140911,7.052137501190945
BEN,1960s,-0.31450185905752015,-22.46465884070514
BEN,1970s,0.0018210848225833076,0.13007887896725565
BEN,1980s,0.1707357870398816,12.1955438331725
BEN,1990s,-0.004531901630668023,-0.3237107225301729
BEN,2000s,-0.0126497279796558,-0.9035616652387319
BEN,2010s,-0.06737671676757379,-4.812674114315926
BEN,2020-2024,0.046457250513018966,3.318410538429503
BFA,1960s,-0.22323567728897512,-15.945576113282634
BFA,1970s,0.0018303405366304204,0.1307400084722405
BFA,1980s,-0.0217835553550057,-1.5559848862397923
BFA,1990s,-0.06829948352254461,-4.87858673054683
BFA,2000s,0.2337619806922942,16.6974629718149
BFA,2010s,0.0376862156044836,2.691901342297452
BFA,2020-2024,-0.2157579322323695,-15.41144575202556
BGD,1960s,0.03165440007021947,2.261052766160651
BGD,1970s,-0.019970436053179996,-1.4264749791280429
BGD,1980s,0.06714158342755977,4.795878696058877
BGD,1990s,-0.029583602308020096,-2.1131370578233075
BGD,2000s,0.010765735796128995,0.7689893552742805
BGD,2010s,-0.0372821492320074,-2.6630391497689847
BGD,2020-2024,-0.07939320335621336,-5.6710037677133815
BGR,1960s,-0.1636955157801202,-11.692661934570955
BGR,1970s,-0.07310471314248149,-5.2218210897541955
BGR,1980s,0.0761406547969033,5.438676385081394
BGR,1990s,0.1820939025138921,13.006846475266942
BGR,2000s,-0.036849063139164584,-2.6321040978951307
BGR,2010s,-0.03581289555512779,-2.5580913357863793
BGR,2020-2024,0.0021183943823961937,0.15131550329530188
BHR,1960s,0.1462388238609239,10.445742028827835
BHR,1970s,-0.029719676049320798,-2.1228567147584343
BHR,1980s,0.09695685726153808,6.92556389706122
BHR,1990s,-0.1447911666244363,-10.342336834233981
BHR,2000s,0.07499859712608409,5.357099964426051
BHR,2010s,-0.0700920372838294,-5.006627654761274
BHR,2020-2024,0.07806191372311233,5.575910633716001
BHS,1960s,-0.1636436777755194,-11.688959180342954
BHS,1970s,0.12379275054579411,8.842433924866441
BHS,1980s,0.0309871286267471,2.213390010281647
BHS,1990s,0.09746281270521548,6.961703958251547
BHS,2000s,0.23494969693024317,16.782300753585247
BHS,2010s,-0.06367820871701169,-4.548492141514667
BHS,2020-2024,0.0466825321781531,3.334502258095232
BIH,1960s,0.05714027185551168,4.081491655235169
BIH,1970s,-0.027648394485848993,-1.974906448817633
BIH,1980s,-0.08463367744031391,-6.04532734982405
BIH,1990s,0.272531839605912,19.466768235722434
BIH,2000s,-0.012091621461091717,-0.8636964874178824
BIH,2010s,-0.11211854380092956,-8.008553093302655
BIH,2020-2024,-0.12727108899694659,-9.090889329460268
BLR,1960s,0.1910526503983162,13.64676388455217
BLR,1970s,-0.17389416759403128,-12.421144857760126
BLR,1980s,0.2500907488161797,17.863816030239843
BLR,1990s,-0.30764935006916166,-21.975188676402603
BLR,2000s,0.1260263395450217,9.001977703107901
BLR,2010s,0.1702590344547924,12.161489712769052
BLR,2020-2024,-0.21504531283398912,-15.360543821856188
BLZ,1960s,0.043751943698870296,3.1251722700726545
BLZ,1970s,0.1518615018048519,10.847366178713697
BLZ,1980s,-0.03092418308815431,-2.208893852280327
BLZ,1990s,0.009359699930768683,0.6685571475672406
BLZ,2000s,-0.1039820078715682,-7.427365737698462
BLZ,2010s,-0.08981466474096869,-6.41540183051559
BLZ,2020-2024,0.03505745283326209,2.504130564071822
BOL,1960s,-0.0934063724420238,-6.671955125308608
BOL,1970s,-0.129575315414528,-9.255478691563972
BOL,1980s,0.4332827236382154,30.94909708092963
BOL,1990s,0.052261012002724594,3.7329693656802316
BOL,2000s,-0.2099721576820649,-14.99817171990591
BOL,2010s,-0.009216431442250678,-0.6583235746184974
BOL,2020-2024,-0.0371852783987304,-2.656119730507985
BRA,1960s,-0.18674796312542918,-13.339282932639431
BRA,1970s,0.0692652248893133,4.947568994746568
BRA,1980s,-0.10696194549457269,-7.640220702270022
BRA,1990s,0.0904009237072256,6.457277918970944
BRA,2000s,0.017605216968439585,1.257528951332066
BRA,2010s,0.026198628997765094,1.8713506632129553
BRA,2020-2024,0.05987427156933223,4.276779438352315
BRB,1960s,0.08324882389613467,5.946408181245659
BRB,1970s,0.024911792388192716,1.7794327791520983
BRB,1980s,0.029913730429762614,2.1367178902256754
BRB,1990s,0.003688954550978424,0.26349957267324253
BRB,2000s,0.04684927192435456,3.3464123673862445
BRB,2010s,-0.042952345536374614,-3.0680575045703145
BRB,2020-2024,0.0715947902728381,5.113968302352664
BRN,1960s,0.0505413609902861,3.6101358363800484
BRN,1970s,0.012641796533629304,0.9029951273186297
BRN,1980s,0.1358825849861625,9.706002766581335
BRN,1990s,0.1052641477476911,7.5189481372094855
BRN,2000s,0.012968550936181156,0.9263349772006721
BRN,2010s,0.012674821510608392,0.9053540794827938
BRN,2020-2024,0.022124035621193416,1.580305165442023
BTN,1960s,0.038110250435304305,2.722189868538631
BTN,1970s,-0.12154247537892221,-8.681698264756264
BTN,1980s,0.1377480553273369,9.839252073652272
BTN,1990s,-0.10796012608417341,-7.711520078604369
BTN,2000s,0.14880684459404558,10.629174043628375
BTN,2010s,-0.07949427249864052,-5.678223069407664
BTN,2020-2024,0.0788623287630639,5.6330837482322895
BWA,1960s,0.30823029017289477,22.016684842041677
BWA,1970s,-0.11323283867129849,-8.088146435567152
BWA,1980s,0.07299152119182292,5.213735863922212
BWA,1990s,-0.02646514650615661,-1.8903878317658929
BWA,2000s,0.03140262579599251,2.2430686970288365
BWA,2010s,-0.08296844924246238,-5.92638120601186
BWA,2020-2024,0.0399052749826484,2.850407279359726
CAF,1960s,-0.18561449524388432,-13.258320074924988
CAF,1970s,-0.253553296270706,-18.11114349443604
CAF,1980s,0.182526094331959,13.037717649687698
CAF,1990s,0.2376160445063573,16.9727561894534
CAF,2000s,0.009201486168541273,0.6572560436469195
CAF,2010s,0.0107358156644638,0.7668521801480607
CAF,2020-2024,-0.1805663517632636,-12.897734540038424
CAN,1960s,-0.067305078943213,-4.8075570721172625
CAN,1970s,0.12567573558411962,8.976934295118301
CAN,1980s,0.0349624759159467,2.497346425969663
CAN,1990s,-0.0369220780171714,-2.63731950212083
CAN,2000s,0.0321742110943698,2.298182522258656
CAN,2010s,-0.11542945622694481,-8.245049368157046
CAN,2020-2024,-0.046418871270913986,-3.3156691346647142
CHE,1960s,0.06369029326119119,4.549355332476563
CHE,1970s,0.019235606726903887,1.3739866085651238
CHE,1980s,-0.047332303775150075,-3.3809150115672155
CHE,1990s,-0.010040801764166996,-0.7172077990098875
CHE,2000s,-0.0812058142018367,-5.800477356136409
CHE,2010s,0.049118844752908675,3.5085264466492143
CHE,2020-2024,0.023520649151506312,1.6800643420167276
CHL,1960s,-0.07091275820314696,-5.06525120474966
CHL,1970s,-0.301657518295237,-21.547196113702054
CHL,1980s,0.1471070409539012,10.50775819894477
CHL,1990s,0.1491767289218166,10.655594635413745
CHL,2000s,0.08789199370943451,6.278066716135797
CHL,2010s,-0.04472364366414128,-3.1945801530045808
CHL,2020-2024,0.035616999041672925,2.5440985779819103
CHN,1960s,0.0289096623773218,2.0649979763322293
CHN,1970s,0.3682754436200641,26.305670259395747
CHN,1980s,-0.12982642641349312,-9.273415383384508
CHN,1990s,-0.04611302034064679,-3.293822405919915
CHN,2000s,-0.0219756986953821,-1.5697095573848359
CHN,2010s,-0.1012559542712069,-7.232645540186396
CHN,2020-2024,-0.010569385338039802,-0.7549641725061774
CIV,1960s,-0.15593129769225142,-11.138068995020465
CIV,1970s,0.04813250445945619,3.4380728148021653
CIV,1980s,0.05559684470272852,3.9712456791488613
CIV,1990s,-0.20155908332186448,-14.39723140791615
CIV,2000s,0.2423115479589705,17.308152881429763
CIV,2010s,0.2528488593515872,18.060826033323963
CIV,2020-2024,0.045827225465322086,3.2734082678546224
CMR,1960s,-0.0823662657082645,-5.8833676362486
CMR,1970s,-0.07613134842518329,-5.438011637132492
CMR,1980s,0.05693262808162319,4.066659798422684
CMR,1990s,-0.20142289786538553,-14.387503771240063
CMR,2000s,0.0820629357718016,5.86170098041632
CMR,2010s,-0.015098687121071125,-1.0784891896469726
CMR,2020-2024,0.059164352657333885,4.226070402131035
COD,1960s,0.0969295547069037,6.9236136937232216
COD,1970s,-0.034225194166109085,-2.4446828804211105
COD,1980s,0.0810758782530791,5.791196117644751
COD,1990s,-0.020466324568753913,-1.4618959663323006
COD,2000s,0.08882084603605211,6.344414020706239
COD,2010s,-0.14878966795380769,-10.627947127628163
COD,2020-2024,0.038544431679829405,2.7532031463695428
COG,1960s,-0.1151046129889598,-8.221846031490255
COG,1970s,0.1114887738121253,7.963569041415017
COG,1980s,0.18053137824231538,12.895236404673138
COG,1990s,-0.1997945470107046,-14.271191751549624
COG,2000s,0.07341269770118361,5.243820222160541
COG,2010s,-0.153839854503027,-10.98867859754733
COG,2020-2024,0.1251513137325735,8.9394751906828
COL,1960s,0.06427459265726282,4.591091450135501
COL,1970s,-0.06393632184346526,-4.566928990649561
COL,1980s,0.024825576987890507,1.7732744703891292
COL,1990s,-0.024522788210283086,-1.751646469174355
COL,2000s,0.009058924078384933,0.6470729282638265
COL,2010s,0.020824329060119884,1.4874679892961007
COL,2020-2024,-0.00528611969138737,-0.37758401751269816
COM,1960s,0.0163281757441487,1.1663107451339136
COM,1970s,0.1551894109860834,11.085076520500717
COM,1980s,-0.1314619903893216,-9.390242631526194
COM,1990s,-0.0182031455737564,-1.3002385943522816
COM,2000s,0.2700609408881131,19.290273581949542
COM,2010s,-0.05283573646546977,-3.7740215522131466
COM,2020-2024,0.048821286025839294,3.487272024469581
CPV,1960s,0.161963360793827,11.56893525472584
CPV,1970s,0.30503430176524315,21.788397513464677
CPV,1980s,-0.0545529623797813,-3.896681858365331
CPV,1990s,0.02536911442321038,1.8120989882733927
CPV,2000s,0.05228929343587002,3.7349894896599185
CPV,2010s,0.008976059042124784,0.6411539337784347
CPV,2020-2024,-0.009732177552709276,-0.695162976632188
CRI,1960s,0.06275175064845401,4.482315857206725
CRI,1970s,-0.19017671883874918,-13.584196675212143
CRI,1980s,0.10817690327290097,7.727004329170663
CRI,1990s,0.04444240221368473,3.1744912630523725
CRI,2000s,0.013743738861283439,0.9817061356639102
CRI,2010s,0.005926958623455325,0.4233587166635717
CRI,2020-2024,-0.04984875582795406,-3.5606635097943578
CUB,1960s,-0.0329450518155458,-2.3532431628336767
CUB,1970s,0.1782308993627214,12.73091472671805
CUB,1980s,-0.05268654252967499,-3.7633647285022294
CUB,1990s,0.1833359393234408,13.095564339376631
CUB,2000s,0.012702251677105203,0.9073133980513429
CUB,2010s,0.0556026948122991,3.9716635485887357
CUB,2020-2024,0.0378656146029305,2.70471569356568
CYP,1960s,-0.008669478794107177,-0.6192551103512742
CYP,1970s,-0.1049935764299472,-7.499621407747815
CYP,1980s,0.07249873046678629,5.178536149837893
CYP,1990s,-0.051043620541702195,-3.646011902441663
CYP,2000s,0.010293140331780304,0.7352321752433788
CYP,2010s,0.03815360994439648,2.725287009465477
CYP,2020-2024,-0.006815789317975107,-0.48684730264322423
CZE,1960s,-0.013672934300377498,-0.9766486129202148
CZE,1970s,0.0494928724988711,3.5352430000431547
CZE,1980s,0.2349618926707986,16.783171887230395
CZE,1990s,0.11021082658935988,7.8722861203477645
CZE,2000s,-0.08394733104939861,-5.996302083122394
CZE,2010s,-0.07262382493210962,-5.187471564384472
CZE,2020-2024,0.0003883845585434531,0.02774205097808602
DEU,1960s,-0.07579308324001671,-5.413849579695924
DEU,1970s,-0.004561657441089717,-0.32583616029914264
DEU,1980s,0.05589653963476976,3.992652689030362
DEU,1990s,-0.055922098800088416,-3.9944783632278296
DEU,2000s,-0.05257286546923701,-3.755244851601004
DEU,2010s,-0.1363583876221411,-9.739989032750946
DEU,2020-2024,0.154534331711767,11.038284643164172
DJI,1960s,-0.0062285729022520005,-0.44490282420861943
DJI,1970s,0.30498738551383836,21.7850463167975
DJI,1980s,0.02893971190208472,2.0671443939214518
DJI,1990s,-0.05675197033772589,-4.053755535803231
DJI,2000s,0.1448708425486444,10.348028032564308
DJI,2010s,-0.015021533404600829,-1.0729781509396286
DJI,2020-2024,0.018402733617758127,1.3144950357310985
DMA,1960s,0.0956867760833423,6.83484284233146
DMA,1970s,0.3019851459188433,21.570598337183856
DMA,1980s,-0.019145887372997494,-1.3675780147241985
DMA,1990s,-0.1086967956224052,-7.764139894284664
DMA,2000s,0.03020037223664257,2.157192524049267
DMA,2010s,0.022806806060728824,1.629075004312438
DMA,2020-2024,0.017756494252876176,1.2683345872523126
DNK,1960s,-0.017532372704394172,-1.2523257339482756
DNK,1970s,-0.04437522557475043,-3.169692880364758
DNK,1980s,-0.03503300169288462,-2.5023840353597437
DNK,1990s,0.1536597792524147,10.97581594203622
DNK,2000s,-0.015938592322536693,-1.1384830601633529
DNK,2010s,-0.10108849654416771,-7.220684146001164
DNK,2020-2024,0.06513562344117371,4.652594306970332
DOM,1960s,0.38193352634264466,27.28125803398116
DOM,1970s,0.1831767964385541,13.084196868842056
DOM,1980s,-0.02194888096658265,-1.567793984834112
DOM,1990s,0.15348443862565048,10.963291477560947
DOM,2000s,-0.008343522602351217,-0.5959722761360594
DOM,2010s,-0.02555363334646854,-1.8252790523692641
DOM,2020-2024,0.051546156985234404,3.681907746723167
DZA,1960s,-0.05130662117890479,-3.6647978632221485
DZA,1970s,0.13666570208300768,9.761940300514107
DZA,1980s,0.023819050928583885,1.7013789826983325
DZA,1990s,-0.09695864787820388,-6.925691799619991
DZA,2000s,0.05412361679105665,3.8660139882154856
DZA,2010s,0.02960706017105902,2.114812637395017
DZA,2020-2024,-0.06751836075116413,-4.82279164995699
ECU,1960s,0.04535405496316208,3.2396100132549077
ECU,1970s,0.013697851835060726,0.9784284558676861
ECU,1980s,0.1907603833813039,13.625887445706157
ECU,1990s,0.018405000466637733,1.3146569552404979
ECU,2000s,-0.21916436833183459,-15.654765219409535
ECU,2010s,0.0796374920409009,5.688453146157744
ECU,2020-2024,0.03831821792626289,2.7370448482463585
EGY,1960s,-0.11809480499587899,-8.435433459891934
EGY,1970s,0.14028253639090713,10.02028837214016
EGY,1980s,0.1012177849339872,7.2299191297881045
EGY,1990s,-0.05074690499138507,-3.624817707817245
EGY,2000s,-0.03219610111190241,-2.2997461116675098
EGY,2010s,-0.04907840721637041,-3.5056380202805664
EGY,2020-2024,0.0828893724711986,5.920732804778275
ERI,1960s,-0.04047664330090289,-2.8912197387214595
ERI,1970s,-0.285471969937636,-20.391073148029086
ERI,1980s,0.2228943825986267,15.921197660303699
ERI,1990s,0.09479348183435221,6.771035427621531
ERI,2000s,-0.4156165988306978,-29.687217523118758
ERI,2010s,0.1966064217774482,14.043466084295462
ERI,2020-2024,-0.061095071860379296,-4.363980392054754
ESP,1960s,-0.04490461844317911,-3.2075070612334873
ESP,1970s,0.04280524707117833,3.0575503589320387
ESP,1980s,0.05327802331444381,3.805613807984567
ESP,1990s,-0.04466362368463489,-3.190292965745092
ESP,2000s,0.0006727753704069972,0.04805589772319293
ESP,2010s,-0.076770244852924,-5.48364758448985
ESP,2020-2024,0.04936795194858967,3.526320008132471
EST,1960s,-0.13276596286124742,-9.483384518850068
EST,1970s,-0.21703844655614948,-15.502912039412728
EST,1980s,0.1562187296927092,11.158600071846323
EST,1990s,0.33226319680821603,23.733339395788747
EST,2000s,-0.05772576214458702,-4.123312837590144
EST,2010s,-0.008442944921984719,-0.6030739463723224
EST,2020-2024,-0.057875520779413214,-4.134009997377696
ETH,1960s,-0.10495385049808009,-7.496783810828045
ETH,1970s,-0.2458848567278355,-17.5633919527205
ETH,1980s,0.10320239016106189,7.371678162606919
ETH,1990s,0.1244145742433386,8.886850378448827
ETH,2000s,-0.06591365166072177,-4.70816834577877
ETH,2010s,0.08927676906676701,6.376980299879671
ETH,2020-2024,-0.033233170199915285,-2.3738232676063227
FIN,1960s,-0.043446383920437426,-3.1033463381099424
FIN,1970s,0.002471515459094631,0.17653870719389006
FIN,1980s,-0.03715798903415929,-2.654170469327442
FIN,1990s,0.1486376887118524,10.617091351348728
FIN,2000s,-0.051445958967038685,-3.6747506688539713
FIN,2010s,0.047039593205728314,3.360006890067286
FIN,2020-2024,0.015617857368352306,1.1155731754789393
FJI,1960s,0.0050919800485307,0.36371675180781154
FJI,1970s,-0.0601986391499692,-4.299948799130757
FJI,1980s,-0.1609225947265754,-11.494594026016241
FJI,1990s,0.30818787133801595,22.013654892848916
FJI,2000s,-0.1378052423166569,-9.843336902304957
FJI,2010s,0.4189846424471807,29.927794640950882
FJI,2020-2024,-0.02014568261779498,-1.4389927248064909
FRA,1960s,-0.03708275188656601,-2.6487963298616344
FRA,1970s,0.114626516239513,8.187695898319793
FRA,1980s,0.031210690687702797,2.2293588997633975
FRA,1990s,-0.06820528504824369,-4.871858196112004
FRA,2000s,0.1300886662952253,9.29214700390718
FRA,2010s,-0.10177873416608763,-7.2699873607481855
FRA,2020-2024,0.08212983652504899,5.866479656772614
FSM,1960s,0.0659973320281092,4.714145578824886
FSM,1970s,0.1218519844301538,8.703806290651134
FSM,1980s,0.08587085490613841,6.133698114240016
FSM,1990s,-0.052719579937063,-3.765724568562244
FSM,2000s,0.0057446541709144094,0.4103368307397618
FSM,2010s,0.007065193618984722,0.5046620861627099
FSM,2020-2024,-0.022885022620212303,-1.634661961190072
GAB,1960s,-0.2798679874718497,-19.990784403725804
GAB,1970s,0.1754066508460123,12.529180531570944
GAB,1980s,0.07209271065517192,5.14953442444963
GAB,1990s,-0.07502933884073121,-5.359295824678819
GAB,2000s,0.01976689947584509,1.4119364966366015
GAB,2010s,0.008806979703325779,0.6290767089425809
GAB,2020-2024,-0.06279688522050861,-4.485539789701643
GBR,1960s,-0.019797192061106195,-1.4141002758757228
GBR,1970s,-0.0331330633474205,-2.3666727016425746
GBR,1980s,0.09550496772843331,6.821856392331895
GBR,1990s,-0.0019018607593775938,-0.13584865046577682
GBR,2000s,0.02727037532441956,1.9479047912687393
GBR,2010s,-0.16360991349401102,-11.686547420147447
GBR,2020-2024,0.0642097799761526,4.586461923384671
GEO,1960s,0.2199596484141229,15.71157154731155
GEO,1970s,-0.1966983259528469,-14.05003073848401
GEO,1980s,0.24900729878947758,17.78642591466547
GEO,1990s,0.3270386829361955,23.360155841023154
GEO,2000s,-0.026014857656677215,-1.8582239984148212
GEO,2010s,0.03161212577124839,2.258033141071753
GEO,2020-2024,-0.17523587818031452,-12.51698235351974
GHA,1960s,-0.08787328234755878,-6.276730175988648
GHA,1970s,-0.05200912590150622,-3.7149773088207168
GHA,1980s,0.1808224657346644,12.916028590856117
GHA,1990s,0.1335201243664788,9.537253774111663
GHA,2000s,0.028074086777222118,2.005313366364872
GHA,2010s,-0.07026565429556281,-5.019029002560048
GHA,2020-2024,0.013172527913005772,0.9409049171350665
GIN,1960s,-0.1612878301849849,-11.520682552151781
GIN,1970s,0.1188821563397803,8.491673443278739
GIN,1980s,-0.020942892632001303,-1.495936906463183
GIN,1990s,0.08434052270147818,6.024387501597983
GIN,2000s,-0.4342869976231586,-31.020831704444902
GIN,2010s,0.29770044184968486,21.264544772236817
GIN,2020-2024,-0.0967160156955495,-6.908360744015295
GMB,1960s,0.1348003662447989,9.62870060090064
GMB,1970s,0.18247469798643878,13.034046442874388
GMB,1980s,0.0189932385786733,1.3566744127638972
GMB,1990s,-0.3775119600591808,-26.96542849199612
GMB,2000s,0.1448364545179321,10.345571718377577
GMB,2010s,0.19826971351547432,14.162273908068887
GMB,2020-2024,0.13941491526749347,9.9583147717332
GNB,1960s,-0.0874856244041269,-6.249040026645226
GNB,1970s,0.094883762675846,6.777484128147778
GNB,1980s,0.0824201049608255,5.887213338288792
GNB,1990s,0.15221975897964357,10.872956250686714
GNB,2000s,-0.08605058317445607,-6.1465359850363495
GNB,2010s,0.04519787410790502,3.2284541185288362
GNB,2020-2024,0.08906927457704278,6.362159106335857
GNQ,1960s,0.200327424990519,14.309254871609165
GNQ,1970s,-0.016920973468194794,-1.208653892713866
GNQ,1980s,-0.14529761458359491,-10.378512075477907
GNQ,1990s,-0.0679327942252384,-4.852394357664813
GNQ,2000s,0.10725259024244439,7.660981263509141
GNQ,2010s,0.013349383404509599,0.9535375873922305
GNQ,2020-2024,0.030128881960231807,2.1520860211026442
GRC,1960s,-0.16241752691566927,-11.601376039065773
GRC,1970s,0.1388508083071501,9.918020986342686
GRC,1980s,-0.1450974329499271,-10.364213234383618
GRC,1990s,0.03925937336614432,2.8042709560231756
GRC,2000s,0.0703915343111472,5.028020528439864
GRC,2010s,0.043220757716119496,3.087230008239223
GRC,2020-2024,0.033088830026371696,2.3635131449082185
GRD,1960s,-0.016994363034357203,-1.2138960606655802
GRD,1970s,0.022283452078135802,1.591692177046777
GRD,1980s,0.1573741098297844,11.241128107415024
GRD,1990s,0.07418890226679248,5.299263998579719
GRD,2000s,0.13750187107413425,9.821667296008272
GRD,2010s,-0.03776155946490212,-2.6972831041894674
GRD,2020-2024,-0.0484992781617839,-3.4642712166787897
GTM,1960s,-0.04203639647590661,-3.0026318717281417
GTM,1970s,-0.0642158812517868,-4.5868977334495975
GTM,1980s,0.29275484985622646,20.911284421944114
GTM,1990s,0.19594220192428918,13.996021301485095
GTM,2000s,-0.05318088604490151,-3.798675357358155
GTM,2010s,-0.20127303534593416,-14.376799191042755
GTM,2020-2024,-0.0677607569789775,-4.840105851464159
GUY,1960s,0.363600423759693,25.97173669680415
GUY,1970s,-0.19658625664167528,-14.04202570204471
GUY,1980s,0.18207753865437326,13.00567761565349
GUY,1990s,0.13107488612460305,9.362592031085406
GUY,2000s,-0.014669388992831822,-1.0478247095680635
GUY,2010s,-0.03830211194557248,-2.7358944087462893
GUY,2020-2024,0.07508558728216086,5.363313613479257
HND,1960s,-0.07021747064243572,-5.0155872762299
HND,1970s,0.01924953270718352,1.3749813320842212
HND,1980s,0.131478483123009,9.391420696535883
HND,1990s,0.11091077532812083,7.922282993718776
HND,2000s,-0.4490267074803034,-32.07367938663039
HND,2010s,0.08842153360317051,6.3158913989245455
HND,2020-2024,-0.012646037153795975,-0.903298031999711
HRV,1960s,0.00802711846076598,0.5733717385182563
HRV,1970s,-0.08094469170198942,-5.781825549459399
HRV,1980s,-0.06741105434010469,-4.815126824308281
HRV,1990s,0.1783933736272968,12.742520155490453
HRV,2000s,0.10701771650787328,7.6442043886964
HRV,2010s,-0.031181568666265036,-2.2272787331204675
HRV,2020-2024,0.004937788424543399,0.3527029465497145
HTI,1960s,-0.2317573660821479,-16.554274682057308
HTI,1970s,0.03740373483918161,2.6717239289092216
HTI,1980s,0.024550013034399396,1.753591120273092
HTI,1990s,0.047746368467093625,3.410491377412456
HTI,2000s,0.2395067009014985,17.107804519625834
HTI,2010s,-0.22382559740353689,-15.987713715128976
HTI,2020-2024,-0.06875529416976489,-4.9111449822419075
HUN,1960s,0.2379206596478526,16.99451464662727
HUN,1970s,0.14548975635545308,10.392236634584735
HUN,1980s,0.12509294105005236,8.93530566875252
HUN,1990s,0.05679655191106525,4.056939967967327
HUN,2000s,-0.12464858980846344,-8.90356595478818
HUN,2010s,-0.1265583471467613,-9.039978652639828
HUN,2020-2024,-0.0773991030212697,-5.528566505647938
IDN,1960s,0.11687792362692098,8.348512432190626
IDN,1970s,-0.0948651209399099,-6.7761525613352385
IDN,1980s,0.02637033862575422,1.8836157678581225
IDN,1990s,-0.1658993888093337,-11.85008312081729
IDN,2000s,0.1647151782473066,11.765495747148911
IDN,2010s,-0.07723979178419688,-5.51718700982856
IDN,2020-2024,0.09048727281198837,6.463445778154698
IND,1960s,-0.14375508109473362,-10.268329933211797
IND,1970s,-0.006801255950024787,-0.4858091938263518
IND,1980s,0.1132416907046282,8.088778730426695
IND,1990s,-0.19387482729348843,-13.848350105149262
IND,2000s,0.2581440330147904,18.439056770028103
IND,2010s,-0.1635160068425831,-11.679839730426556
IND,2020-2024,0.03677993833660462,2.6271665591740745
IRL,1960s,-0.003230540946585203,-0.23075539347667945
IRL,1970s,0.02143982080264309,1.5314321555382027
IRL,1980s,0.0882434395591388,6.303170259683196
IRL,1990s,0.08414012887412853,6.010073503649977
IRL,2000s,-0.08149055872212124,-5.820816468039028
IRL,2010s,-0.04007928564842467,-2.8628367456052435
IRL,2020-2024,0.007100709970675079,0.5071989955672563
IRN,1960s,0.06561396643345951,4.686762029103184
IRN,1970s,-0.3525070142811889,-25.179341828100814
IRN,1980s,-0.017427366766162793,-1.2448252295452646
IRN,1990s,0.0549841317353336,3.9274799989679834
IRN,2000s,-0.24211236821937482,-17.2939256049634
IRN,2010s,0.1629720478006515,11.640985097462128
IRN,2020-2024,-0.045797255021120906,-3.271267498937384
IRQ,1960s,0.0031759112975627,0.2268532339423743
IRQ,1970s,0.11765707498241648,8.404166695853588
IRQ,1980s,0.1012634728431665,7.233182586786209
IRQ,1990s,-0.06793884812923409,-4.8528267840050745
IRQ,2000s,0.5009592018064741,35.78318295293811
IRQ,2010s,0.023480973460339727,1.6772303337568162
IRQ,2020-2024,-0.04391558975095644,-3.1368613988484277
ISL,1960s,-0.028812167318751192,-2.0580339690732363
ISL,1970s,-0.0634883830457171,-4.534933019932303
ISL,1980s,0.0982485005106927,7.017825116193956
ISL,1990s,0.11706409595970507,8.361810598230425
ISL,2000s,-0.06435220880631792,-4.596635520095142
ISL,2010s,0.03943100521821702,2.816530505186306
ISL,2020-2024,0.014296290478242824,1.0211745305537552
ISR,1960s,-0.07019529095049701,-5.014002995570675
ISR,1970s,0.0383802723979294,2.7414773579291496
ISR,1980s,0.1292464667280262,9.231989248370807
ISR,1990s,0.2950427394796315,21.074706857693798
ISR,2000s,-0.08876473915682478,-6.340406343599859
ISR,2010s,0.04175260468627262,2.9823608127429075
ISR,2020-2024,-0.184776957343214,-13.198495299131602
ITA,1960s,-0.03866106441316591,-2.7615341450221913
ITA,1970s,-0.0709388649835061,-5.067115994725638
ITA,1980s,0.10759241432954553,7.685254672275176
ITA,1990s,-0.04062051888398921,-2.90149667603187
ITA,2000s,-0.057505527011867064,-4.107581588381896
ITA,2010s,-0.079111762654587,-5.650900645382494
ITA,2020-2024,0.05822159412605202,4.158729786600563
JAM,1960s,0.0314504737652716,2.2464864456847473
JAM,1970s,0.05209387773519239,3.72103107599268
JAM,1980s,0.13873449474008728,9.909712785524917
JAM,1990s,-0.10036030570867971,-7.168669958424696
JAM,2000s,0.04671861987463549,3.3370799782786777
JAM,2010s,0.03098743150843397,2.213411644919309
JAM,2020-2024,0.003173564381043825,0.22668559525469806
JOR,1960s,0.125745687710861,8.98193092905597
JOR,1970s,0.03765008635562367,2.6893206540552854
JOR,1980s,0.052445662863898956,3.746158854013799
JOR,1990s,0.15258185878504327,10.898820799211059
JOR,2000s,-0.03262604424155752,-2.3304566637690174
JOR,2010s,0.009135897489530587,0.6525710878816243
JOR,2020-2024,0.01008982871603853,0.7207097616090727
JPN,1960s,-0.03657267711984391,-2.61236202816306
JPN,1970s,-0.02992671591959989,-2.137645435137327
JPN,1980s,0.023501131508271683,1.6786702097277977
JPN,1990s,0.059072295962970894,4.2194948536142
JPN,2000s,0.017571101764085995,1.2550921249508769
JPN,2010s,0.024947024045241573,1.7819493530075505
JPN,2020-2024,0.0104183614448492,0.7441766361542811
KAZ,1960s,0.1761269379655406,12.580630161967559
KAZ,1970s,-0.2846898247685942,-20.33520503825357
KAZ,1980s,0.3463809791396352,24.74176320801385
KAZ,1990s,0.2082799760183608,14.877300307935474
KAZ,2000s,0.0036169573742114713,0.2583568621709567
KAZ,2010s,-0.010044769678612897,-0.717491224502517
KAZ,2020-2024,0.02062647698353881,1.4733355469167824
KEN,1960s,-0.08686169094506282,-6.204472874199199
KEN,1970s,0.06707918719830042,4.791421774858289
KEN,1980s,-0.04721535632227819,-3.372561532707252
KEN,1990s,-0.016077476947179786,-1.1484034966281047
KEN,2000s,0.0934267295285166,6.673409218471752
KEN,2010s,0.06385430523309099,4.561070598661513
KEN,2020-2024,0.07855520388816462,5.611146022468815
KGZ,1960s,0.09847715303869199,7.0341576143545765
KGZ,1970s,-0.1769458560142684,-12.639124934107526
KGZ,1980s,0.3140373972846765,22.431482644854505
KGZ,1990s,0.20653407715679148,14.752591912210676
KGZ,2000s,-0.08951921396785789,-6.394297978086715
KGZ,2010s,-0.031988919670010496,-2.2849472789223717
KGZ,2020-2024,0.005344320927699819,0.38174129315419864
KHM,1960s,-0.08183255581421751,-5.845245093108143
KHM,1970s,-0.0839578061356566,-5.997050311574265
KHM,1980s,0.1887541221290523,13.482581537396994
KHM,1990s,-0.1327866606519057,-9.484862948285391
KHM,2000s,0.052275666390488695,3.734016118861998
KHM,2010s,-0.1845743628689516,-13.184024110436706
KHM,2020-2024,0.07800936613542592,5.572157194439632
KIR,1960s,-0.08621718877986378,-6.158436512739586
KIR,1970s,0.2192622186276898,15.66175460103175
KIR,1980s,-0.0753590684623642,-5.382848192483123
KIR,1990s,0.005792989048103492,0.4137893589041868
KIR,2000s,-0.09181371063367619,-6.558192350486326
KIR,2010s,0.018456850875934572,1.3183605955276967
KIR,2020-2024,0.01969756853223703,1.4069842333974378
KNA,1960s,0.06238218940887459,4.455918343396222
KNA,1970s,-0.0495397227895348,-3.538589485178416
KNA,1980s,0.2311753964104047,16.512704975059304
KNA,1990s,-0.0551224950901508,-3.937363201475398
KNA,2000s,0.05862323963989849,4.187419058805502
KNA,2010s,-0.1194279182927673,-8.530656856982018
KNA,2020-2024,0.03447252132074108,2.4623492947548775
KOR,1960s,0.05866816540820399,4.19062807658735
KOR,1970s,-0.052176058271004494,-3.726901177065843
KOR,1980s,0.1909882601290335,13.642164530397533
KOR,1990s,0.11045191682755212,7.889507035883982
KOR,2000s,-0.03419857971854168,-2.4427818281137337
KOR,2010s,-0.0927066464802338,-6.621974164748621
KOR,2020-2024,0.06526664472116528,4.66195306995095
KWT,1960s,0.036032102303360486,2.573749128173951
KWT,1970s,0.04426561471868479,3.161863449740305
KWT,1980s,0.12792902381382248,9.137885176304644
KWT,1990s,-0.07779335184235342,-5.55672743700312
KWT,2000s,-0.006281295407180976,-0.4486687577074106
KWT,2010s,0.015476688638544678,1.1054895868998205
KWT,2020-2024,-0.018062634455671578,-1.2902019785416123
LAO,1960s,-0.2303366799358776,-16.452796014518363
LAO,1970s,0.2429713997437845,17.355285656020346
LAO,1980s,0.11215960812709819,8.01148629083817
LAO,1990s,0.07371388879514934,5.265334101894274
LAO,2000s,0.03659261960854088,2.6137865068811017
LAO,2010s,0.03871718327825463,2.7655426782706862
LAO,2020-2024,0.024461229011508878,1.7472493365052064
LBN,1960s,-0.17274780552353097,-12.33926097669536
LBN,1970s,0.038616779218477504,2.7583708829882223
LBN,1980s,-0.2020415321273478,-14.43169240555784
LBN,1990s,0.204204213311762,14.586171285697596
LBN,2000s,0.0965033697427139,6.893171584884014
LBN,2010s,-0.07741769773898693,-5.529894713980342
LBN,2020-2024,-0.018142576355367812,-1.2959121753243454
LBR,1960s,-0.0769211052014237,-5.494423438953133
LBR,1970s,0.0335741983866234,2.3981826844072924
LBR,1980s,-0.09570019868872828,-6.83580161011634
LBR,1990s,-0.0507223265776221,-3.6230620880517996
LBR,2000s,0.4578414825908129,32.70331291632892
LBR,2010s,-0.0868106243573365,-6.200825221766019
LBR,2020-2024,-0.0406447506970784,-2.903227538341466
LBY,1960s,-0.10145786446852448,-7.24706785143375
LBY,1970s,-0.0705574424458934,-5.039871236277142
LBY,1980s,-0.2002938678257899,-14.306857905627597
LBY,1990s,0.3991451498489041,28.510672865809113
LBY,2000s,0.18801699898934848,13.42992932126492
LBY,2010s,-0.0917282725681948,-6.552089566233155
LBY,2020-2024,0.07971841009068228,5.694233068692515
LCA,1960s,-0.14917090752672002,-10.655178817029672
LCA,1970s,0.3623762258081138,25.88429305046727
LCA,1980s,-0.10115260910139473,-7.225263663368172
LCA,1990s,-0.13117850122215138,-9.369993188662487
LCA,2000s,0.0362523856871092,2.589483823921126
LCA,2010s,-0.12511989529238973,-8.937230992374559
LCA,2020-2024,-0.0015018056073440034,-0.10727297674851156
LIE,1960s,-0.037509941231049004,-2.6793101809178848
LIE,1970s,0.0974297154073727,6.959339840256139
LIE,1980s,0.0415541456424482,2.9681850150966596
LIE,1990s,-0.3506881842883786,-25.04942401012616
LIE,2000s,0.2664267760360514,19.030687601068212
LIE,2010s,-0.01417853500339561,-1.0127633352209349
LIE,2020-2024,0.005000630457041827,0.35719171117948256
LKA,1960s,0.03726292232448458,2.6616657845387874
LKA,1970s,0.09223998836748087,6.58864108579749
LKA,1980s,-0.08929404398226529,-6.378214235616438
LKA,1990s,-0.013796403584869693,-0.9854679418797802
LKA,2000s,-0.030821238574688492,-2.2015405940787307
LKA,2010s,0.1400451681490669,10.00333331633051
LKA,2020-2024,0.0077953164885259385,0.5568142776479764
LSO,1960s,0.25948820360542296,18.535069982263987
LSO,1970s,0.10548439049131939,7.534679930059859
LSO,1980s,0.010458602980353615,0.7470510622993026
LSO,1990s,-0.02291818904519341,-1.6370310168910436
LSO,2000s,0.11344608795382388,8.10337869013733
LSO,2010s,-0.037952118113650624,-2.710894581864383
LSO,2020-2024,0.032215892531428425,2.3011597996150392
LTU,1960s,-0.0773729550510083,-5.526698773504607
LTU,1970s,-0.0285602444782177,-2.0400392879488516
LTU,1980s,0.1706269346992027,12.187768582798173
LTU,1990s,0.370898239540954,26.493014829466507
LTU,2000s,-0.0795355882873523,-5.681174228745564
LTU,2010s,0.025732792833022766,1.8380762954621275
LTU,2020-2024,-0.03283138188524798,-2.345123795233626
LUX,1960s,-0.09649533205406452,-6.892597458123945
LUX,1970s,0.03608295904702069,2.5773817915849064
LUX,1980s,0.06695615517879588,4.7826336794462785
LUX,1990s,0.012635823444211325,0.9025684735099622
LUX,2000s,-0.052624235130147246,-3.7589141523503526
LUX,2010s,-0.04051269942012242,-2.893795203361999
LUX,2020-2024,-0.0012940841728701913,-0.092435572692014
LVA,1960s,-0.0281788838003329,-2.01279894809962
LVA,1970s,-0.1768774772632781,-12.634240685354422
LVA,1980s,0.19617012624861,14.012301784540773
LVA,1990s,0.3214302433295449,22.95954872610921
LVA,2000s,-0.08808144446164012,-6.291599057496729
LVA,2010s,-0.0005851676541862028,-0.041798136759199675
LVA,2020-2024,-0.004044714141706707,-0.2889112438759812
MAR,1960s,-0.0688182276697995,-4.915640280337015
MAR,1970s,0.009594015126588196,0.6852941263280423
MAR,1980s,0.03402651344179569,2.4304912482848176
MAR,1990s,0.07149164891120208,5.106600983417053
MAR,2000s,0.02357513660775279,1.6839563448155126
MAR,2010s,0.010516857998180917,0.7512121795186771
MAR,2020-2024,0.0024328697787656117,0.17377827192377743
MCO,1960s,-0.032064431061146204,-2.29034100742221
MCO,1970s,-0.0093999618712262,-0.6714330312245054
MCO,1980s,0.01085035481347671,0.7750336354634301
MCO,1990s,0.0172737512993969,1.2338525788147
MCO,2000s,0.3208945677072979,22.92128577230944
MCO,2010s,-0.017951620652984224,-1.2822723363720738
MCO,2020-2024,0.00040286782800891263,0.02877658129346976
MDA,1960s,0.2016020326224861,14.400299247924483
MDA,1970s,-0.16513969829328132,-11.795818931986169
MDA,1980s,0.21557834352660799,15.39861785008989
MDA,1990s,0.30044640068050693,21.460686787135867
MDA,2000s,-0.09071660812751281,-6.479827047374604
MDA,2010s,0.007657115081421972,0.5469426429581218
MDA,2020-2024,0.04330114626321241,3.0929721087487527
MDG,1960s,-0.08292372896527778,-5.923186866324253
MDG,1970s,-0.10898990996625282,-7.7850768571235704
MDG,1980s,0.1140461591998482,8.146241380559735
MDG,1990s,0.0602329291680066,4.302398112337236
MDG,2000s,-0.2989843744289139,-21.356255223339655
MDG,2010s,0.273340074141892,19.52449989164484
MDG,2020-2024,-0.004340234202580506,-0.3100200454837331
MDV,1960s,0.1791671154670089,12.797788021035036
MDV,1970s,-0.09847278484440569,-7.03384559713889
MDV,1980s,0.2706725697090248,19.33396182226742
MDV,1990s,-0.0819879649215601,-5.856345862393425
MDV,2000s,0.1956086856975008,13.972198458990324
MDV,2010s,-0.15870969883089558,-11.336528342412915
MDV,2020-2024,0.061051234608666904,4.360849126289953
MEX,1960s,0.011044888697316957,0.7889290615398441
MEX,1970s,0.026412683735465903,1.8866404509111763
MEX,1980s,0.03170970637716097,2.2650032589205464
MEX,1990s,0.025536400317185293,1.8240481085370075
MEX,2000s,-0.02080087455763019,-1.48579264976619
MEX,2010s,-0.008536959729469273,-0.6097893616084811
MEX,2020-2024,-0.053107511891359094,-3.793434290319647
MHL,1960s,0.2686910504733313,19.192423219762663
MHL,1970s,0.005402566915700013,0.3859017653790221
MHL,1980s,0.0876877185723504,6.263475478812161
MHL,1990s,-0.0038758849269396878,-0.2768518852335525
MHL,2000s,-0.028455541653073096,-2.0325604347122437
MHL,2010s,-0.0248718701387923,-1.776581159401355
MHL,2020-2024,-0.007627333921911811,-0.5448153945206045
MKD,1960s,0.08705830248393953,6.218516705794495
MKD,1970s,-0.146471943977882,-10.462393643899564
MKD,1980s,-0.17909493459541398,-12.792632189333233
MKD,1990s,0.3931484087717318,28.082329634839276
MKD,2000s,-0.06591514053796232,-4.708274695290868
MKD,2010s,-0.014879038164392733,-1.062799810603924
MKD,2020-2024,-0.09297734591285373,-6.6413100453707665
MLI,1960s,-0.21952281488400688,-15.680368818483029
MLI,1970s,0.028497928053318133,2.035588067120662
MLI,1980s,-0.028497710974148494,-2.0355725612997997
MLI,1990s,0.10357768266931922,7.398485057131289
MLI,2000s,0.04519860852613272,3.228506577534901
MLI,2010s,-0.043495123373955,-3.1068277648927154
MLI,2020-2024,-0.2000981061637136,-14.292874780167505
MLT,1960s,0.2959414667465455,21.138902349264388
MLT,1970s,-0.13767680805830101,-9.834162928560986
MLT,1980s,0.17160929479266845,12.257937911604573
MLT,1990s,0.019483263260914985,1.3916765502491037
MLT,2000s,0.05114356408603249,3.6531508034117217
MLT,2010s,-0.04182667441354676,-2.9876515641509407
MLT,2020-2024,-0.016328803312206264,-1.1663555719033156
MMR,1960s,-0.1656644140601701,-11.83329903059932
MMR,1970s,0.05878828749406259,4.199208317372362
MMR,1980s,-0.2540285469298273,-18.14509033326546
MMR,1990s,-0.04797350063618319,-3.426715277346266
MMR,2000s,0.0656822427333957,4.69163895984556
MMR,2010s,0.20501077553369879,14.643783489338965
MMR,2020-2024,-0.2050846347810909,-14.649059206308866
MNE,1960s,0.07873295325274568,5.623842541486006
MNE,1970s,0.04296436330104747,3.0689159255164182
MNE,1980s,-0.08125904798584,-5.80427980995979
MNE,1990s,-0.14970229966484522,-10.693135804404529
MNE,2000s,0.2624013522218733,18.743154252471303
MNE,2010s,-0.04781619591673669,-3.415479105747827
MNE,2020-2024,-0.04739387538868123,-3.385313031014204
MNG,1960s,0.15711474762325228,11.222602037319994
MNG,1970s,0.0219203933197695,1.5657591311491457
MNG,1980s,0.2313773900296458,16.52713324507923
MNG,1990s,0.05471530120892809,3.9082776130750516
MNG,2000s,-0.041668509538627996,-2.976353952218596
MNG,2010s,0.0320496553480667,2.2892855880537715
MNG,2020-2024,0.031151832823133496,2.2251547216017675
MOZ,1960s,0.185780983468957,13.27021221822888
MOZ,1970s,0.1922393675341922,13.731530301125236
MOZ,1980s,0.08834004136891882,6.310070462774543
MOZ,1990s,0.10118930953962002,7.2278851512872135
MOZ,2000s,-0.06139876056435212,-4.385672674411907
MOZ,2010s,-0.032915460340531,-2.351129463433639
MOZ,2020-2024,-0.0005501755142545139,-0.03929867145229402
MRT,1960s,-0.20622815776450398,-14.730740293269251
MRT,1970s,0.08333662253080859,5.952679579387915
MRT,1980s,0.016727098316429795,1.1948055194319323
MRT,1990s,0.010842288640078218,0.7744574740566579
MRT,2000s,-0.08696331911951222,-6.211732107179413
MRT,2010s,0.03644189605670911,2.6030204237129233
MRT,2020-2024,0.04786146191440638,3.4187124258871133
MUS,1960s,0.20156927721919132,14.397959551229487
MUS,1970s,-0.14302666282564527,-10.21629950020436
MUS,1980s,0.0620300341864084,4.430764129823739
MUS,1990s,0.039926590697398484,2.851929846702385
MUS,2000s,0.003690308476971438,0.26359628270738916
MUS,2010s,0.0046227267312403675,0.33019829912080056
MUS,2020-2024,0.02327874944477204,1.662785606680355
MWI,1960s,0.1512945726097063,10.806870802966325
MWI,1970s,0.0074930707861737,0.5352250679378662
MWI,1980s,0.08945453753913091,6.3896781837530945
MWI,1990s,0.1730845857499645,12.363316964516217
MWI,2000s,0.015794384802506112,1.1281824128175493
MWI,2010s,0.0231823099424609,1.6558969971036754
MWI,2020-2024,-0.007665734615654507,-0.5475583305616226
MYS,1960s,0.05878674950713769,4.1990984599881385
MYS,1970s,0.020311691144188793,1.4508506035524578
MYS,1980s,-0.03932749091876242,-2.8091365475500907
MYS,1990s,-0.08305984378546688,-5.932909457497085
MYS,2000s,0.08913002735992831,6.366498637253851
MYS,2010s,-0.0935659583603935,-6.683354241430527
MYS,2020-2024,0.10570245410338672,7.550256068990626
NAM,1960s,0.1341307125495672,9.58086768236121
NAM,1970s,0.22938581873542302,16.384876630712213
NAM,1980s,0.1372874609837905,9.806352125706859
NAM,1990s,-0.08400376069040388,-6.000332814888133
NAM,2000s,0.0007663176292057039,0.05473755912067791
NAM,2010s,0.0033818243150025573,0.24156146397163
NAM,2020-2024,0.006448942505156596,0.46064367853281596
NER,1960s,-0.15629535580052997,-11.164073423818369
NER,1970s,0.15167721577386117,10.834202749957758
NER,1980s,0.03447538411450629,2.4625537822115158
NER,1990s,-0.24119321140411482,-17.228270844327632
NER,2000s,0.15123872002006838,10.80288128959637
NER,2010s,0.2412504830129441,17.232361717295642
NER,2020-2024,-0.2522903432668077,-18.02093160046046
NGA,1960s,-0.1429862430143469,-10.213412339937822
NGA,1970s,-0.07677630861866283,-5.484080715247871
NGA,1980s,0.016589031826395984,1.1849435217787612
NGA,1990s,-0.04550254338337281,-3.2502164424563937
NGA,2000s,0.015018051287574496,1.07272942563392
NGA,2010s,0.04677888191418417,3.341384455726166
NGA,2020-2024,0.06796716253838281,4.854849263438767
NIC,1960s,0.006209180272689796,0.44351762156325314
NIC,1970s,0.02970609776058869,2.121886826615574
NIC,1980s,-0.1347949537800959,-9.62831399214289
NIC,1990s,0.11476384982693633,8.197505545226429
NIC,2000s,-0.2774367613042771,-19.817123533857544
NIC,2010s,-0.20478030379334872,-14.627321046048793
NIC,2020-2024,0.0551095044937878,3.9364352918080066
NLD,1960s,0.01660290866951969,1.1859347354634568
NLD,1970s,-0.03803329433302918,-2.7166929452819555
NLD,1980s,0.07500583537507557,5.357616987742496
NLD,1990s,-0.01023669566551999,-0.7312003702336555
NLD,2000s,0.02528367889449379,1.8059963852196457
NLD,2010s,-0.024622830148249397,-1.7587923983364624
NLD,2020-2024,0.10364308333082048,7.403156582930803
NOR,1960s,-0.03297675881498163,-2.3555079727375765
NOR,1970s,0.10946220735286888,7.818812745660069
NOR,1980s,-0.05638862348549323,-4.027801911552133
NOR,1990s,0.02593168786638078,1.8522832355510932
NOR,2000s,0.004242681354050093,0.3030519103263065
NOR,2010s,-0.055044157109372216,-3.931767571555326
NOR,2020-2024,0.05661357089159841,4.043869755317502
NPL,1960s,-0.04462093116775123,-3.1872434676285573
NPL,1970s,-0.025640027037686086,-1.831450096333861
NPL,1980s,0.07514849446093813,5.367807031464441
NPL,1990s,-0.09087955224995864,-6.491466037782525
NPL,2000s,0.049290070992884905,3.5207570232097787
NPL,2010s,0.060811170867434095,4.343701532749553
NPL,2020-2024,0.030242076468859402,2.160171429648656
NRU,1960s,0.10474235831709539,7.481677064853519
NRU,1970s,0.032594978572801,2.3282376636894475
NRU,1980s,-0.0516791832322402,-3.6914097231655325
NRU,1990s,-0.0019435550672709,-0.1388268471773299
NRU,2000s,0.1820795486892203,13.005821191107167
NRU,2010s,0.0073339385723361905,0.5238583596292454
NRU,2020-2024,0.09094523096928372,6.496157425067655
NZL,1960s,-0.11617840724076683,-8.298546441479067
NZL,1970s,-0.014648483300628012,-1.0463314298634705
NZL,1980s,-0.1484428950445628,-10.603177369113125
NZL,1990s,0.07820803659742187,5.586348093545409
NZL,2000s,0.1060422857203023,7.574530015606304
NZL,2010s,-0.10775085407859841,-7.696571918284297
NZL,2020-2024,0.0740052302173784,5.286144426119876
OMN,1960s,-0.19064367712938662,-13.61755119567013
OMN,1970s,0.1808869212461378,12.92063260521709
OMN,1980s,-0.014766886844775895,-1.054788916355867
OMN,1990s,0.02478692704876989,1.7705137309163623
OMN,2000s,0.0994015998074867,7.100190232856737
OMN,2010s,0.003070741656218068,0.21934103633474625
OMN,2020-2024,0.050105205434118116,3.5789815347801976
PAK,1960s,0.005503277674859697,0.39309546799461437
PAK,1970s,-0.3492859887548015,-24.949266114766917
PAK,1980s,0.19349878402929788,13.821489584627376
PAK,1990s,-0.29236577904343153,-20.883493352280784
PAK,2000s,0.3078017766183993,21.98607640354403
PAK,2010s,-0.04240257212736129,-3.0287875552282437
PAK,2020-2024,-0.0015835856044507934,-0.11311446760806762
PAN,1960s,-0.0365001666237461,-2.607182651602015
PAN,1970s,0.24599014510715997,17.57091263170314
PAN,1980s,-0.384430623778314,-27.459624044765384
PAN,1990s,0.22291153302928318,15.922422704170923
PAN,2000s,-0.041180883982801786,-2.9415231827392923
PAN,2010s,-0.025437679273967506,-1.8169965300091984
PAN,2020-2024,-0.005307848276633942,-0.3791360759206141
PER,1960s,-0.0888241349614407,-6.344648946461619
PER,1970s,0.14610568777998678,10.436232207020728
PER,1980s,-0.12782091677295732,-9.130163162200843
PER,1990s,0.12178976128027921,8.699361732396007
PER,2000s,0.16788423710819317,11.991859516092196
PER,2010s,-0.023916260061522976,-1.708322566479432
PER,2020-2024,-0.011890467473368305,-0.8493281917194223
PHL,1960s,0.020572323700630113,1.4694674138974937
PHL,1970s,0.087294370683038,6.235378900414835
PHL,1980s,0.1204523175587272,8.603829015949286
PHL,1990s,0.04874354353611199,3.4817189300796634
PHL,2000s,-0.05376326901672851,-3.840274586106551
PHL,2010s,-0.09899637306712661,-7.071245156021259
PHL,2020-2024,0.0566738139303917,4.048172875553656
PLW,1960s,0.026472174753517902,1.8908898548054152
PLW,1970s,-0.092066883373434,-6.576276311081884
PLW,1980s,0.0636791203872435,4.548557261513622
PLW,1990s,0.24292218739714477,17.351770450796042
PLW,2000s,-0.03689041106147939,-2.6350575525149464
PLW,2010s,-0.029630556531742902,-2.116490966827928
PLW,2020-2024,-0.0232876033572805,-1.6634180357683868
PNG,1960s,0.0490200459752235,3.5014693156000454
PNG,1970s,0.1634805294464727,11.677305603593204
PNG,1980s,0.11491815911672687,8.208527755274677
PNG,1990s,-0.014623944843859205,-1.0445786641995707
PNG,2000s,0.06984105299103921,4.988700013478631
PNG,2010s,0.06433542325976238,4.595436539656823
PNG,2020-2024,0.012361803095751633,0.8829953820757641
POL,1960s,-0.035069629738050195,-2.5050003522906277
POL,1970s,0.1134036588634377,8.100348008400493
POL,1980s,0.08284029402813048,5.9172271641971275
POL,1990s,0.0803377015286349,5.738468644654661
POL,2000s,-0.17489181492012068,-12.492406143436154
POL,2010s,-0.01672348542233082,-1.1945474528068118
POL,2020-2024,0.023877074668831377,1.7055235799138397
PRK,1960s,-0.0904537529049685,-6.461051473466548
PRK,1970s,-0.0161258575996524,-1.1518592944906199
PRK,1980s,-0.0325489660631931,-2.3249510206983897
PRK,1990s,0.2209579525825135,15.782879750796754
PRK,2000s,-0.34543348352554387,-24.674084225805565
PRK,2010s,-0.03195619913688161,-2.282610072980158
PRK,2020-2024,-0.017563245694141416,-1.254530971094227
PRT,1960s,-0.1733873114669078,-12.38494046134965
PRT,1970s,0.3171223139023984,22.651836189271773
PRT,1980s,-0.0281286490957241,-2.00921071652483
PRT,1990s,0.06779121863390963,4.842281707237554
PRT,2000s,-0.04236370760667152,-3.0260114883365583
PRT,2010s,-0.008247531818889486,-0.589115718248669
PRT,2020-2024,0.013623076647422405,0.9730873138945401
PRY,1960s,-0.042528948945430495,-3.0378145673794803
PRY,1970s,-0.19930853915804442,-14.236476533532684
PRY,1980s,0.1270624350927937,9.075985319714116
PRY,1990s,0.0927693220235242,6.626451037164873
PRY,2000s,0.00394381968739832,0.28170442003796226
PRY,2010s,-0.04252234082311959,-3.0373425535931804
PRY,2020-2024,-0.06877327614981021,-4.912429423129503
QAT,1960s,-0.0403971255481849,-2.8855398384755837
QAT,1970s,0.12435396288964781,8.882520949724249
QAT,1980s,-0.0231524979752566,-1.653767548093034
QAT,1990s,0.1814296985322232,12.95940282614657
QAT,2000s,0.027114478908128792,1.9367692138290518
QAT,2010s,0.010981430023954686,0.7843962506628614
QAT,2020-2024,0.03413256088206729,2.438066146486598
ROU,1960s,0.188955739557027,13.496982936324699
ROU,1970s,0.0032175251098254254,0.22982568090451547
ROU,1980s,-0.24281325028798045,-17.34398914546512
ROU,1990s,0.3288410870046057,23.488900366131123
ROU,2000s,-0.030527528956896477,-2.180561111217471
ROU,2010s,-0.0059622926233312,-0.4258826007991624
ROU,2020-2024,-0.0009890986325377105,-0.07065065817529495
RUS,1960s,0.1713545623988588,12.23974254595631
RUS,1970s,-0.1491695057455836,-10.655078688734426
RUS,1980s,0.2968736961350573,21.20549087512225
RUS,1990s,-0.07961889690774882,-5.687124908151104
RUS,2000s,-0.02870578589928688,-2.050435214959612
RUS,2010s,-0.21231047823542554,-15.165196403476536
RUS,2020-2024,-0.1086327907364173,-7.759568067802731
RWA,1960s,0.10511909656340579,7.508587227486488
RWA,1970s,0.13520980706789773,9.657946686866353
RWA,1980s,0.007443853940704709,0.5317095413651779
RWA,1990s,-0.029827248479332685,-2.1305405419641765
RWA,2000s,0.0807694401430527,5.769307447039868
RWA,2010s,-0.010710998194049803,-0.765079484724859
RWA,2020-2024,-0.04987315779804141,-3.5624065263052818
SAU,1960s,0.07247855128015729,5.177094763943825
SAU,1970s,0.05381674930033581,3.8440946472328745
SAU,1980s,-0.04884745574586019,-3.489141310183783
SAU,1990s,-0.1122856946136905,-8.020492564804904
SAU,2000s,0.1849356227898281,13.20982866656757
SAU,2010s,-0.1363457631613436,-9.739087275903744
SAU,2020-2024,0.1051049701189937,7.5075781849475955
SDN,1960s,-0.254675423220258,-18.19129627691303
SDN,1970s,0.36383410213027306,25.9884281875612
SDN,1980s,-0.1010626113521586,-7.218835183933807
SDN,1990s,-0.1217822768774643,-8.698827126475498
SDN,2000s,0.0457999567026649,3.271460478255103
SDN,2010s,0.07842335458241659,5.601728114158545
SDN,2020-2024,-0.10983866137689116,-7.845702606483831
SEN,1960s,-0.14243012247484133,-10.173689019281658
SEN,1970s,0.08326641562052348,5.947664746430993
SEN,1980s,0.0838218292912466,5.987337575919662
SEN,1990s,0.05056610900572911,3.611903570680818
SEN,2000s,0.021532495198431034,1.538051826057428
SEN,2010s,0.03650089115695809,2.607234404527975
SEN,2020-2024,-0.023613254954092777,-1.6866791129691439
SGP,1960s,0.24164475802523921,17.260524519471655
SGP,1970s,-0.05323522760623428,-3.8025569389801848
SGP,1980s,-0.08388985463414439,-5.992196580967519
SGP,1990s,0.1365920220826582,9.756677387041371
SGP,2000s,-0.011365803701877675,-0.8118518071030153
SGP,2010s,0.026114502025145814,1.8653415294518483
SGP,2020-2024,0.02825388191265954,2.0181560134351435
SLB,1960s,-0.002803781045651703,-0.20027221728785186
SLB,1970s,0.25516409393947825,18.226201701719173
SLB,1980s,0.05743506210024238,4.102548326560701
SLB,1990s,-0.021634000106099116,-1.5453022541733512
SLB,2000s,0.2259744981016583,16.141208264288448
SLB,2010s,0.03709773786153686,2.649866768097276
SLB,2020-2024,-0.04828342218034498,-3.4488527673370832
SLE,1960s,0.09679334118678398,6.913884052479919
SLE,1970s,0.07998805104809978,5.713493343134191
SLE,1980s,-0.06282815991116308,-4.487773720076512
SLE,1990s,0.10350523328251549,7.39331004556652
SLE,2000s,0.0695615407966283,4.968734643136862
SLE,2010s,-0.04007319585862812,-2.862401755966069
SLE,2020-2024,-0.0514969674501371,-3.678394170912184
SLV,1960s,0.051326256408409376,3.666200394620218
SLV,1970s,-0.3325951225365348,-23.757048630034543
SLV,1980s,0.3487163282860758,24.908575645962348
SLV,1990s,0.26124414963183207,18.66049604029806
SLV,2000s,-0.07135063275812992,-5.096528293292779
SLV,2010s,0.009137739727368588,0.652702677706429
SLV,2020-2024,-0.0651805802832674,-4.655805544332225
SMR,1960s,-0.0556215804242742,-3.9730125353047128
SMR,1970s,0.0266179075040074,1.901299448349552
SMR,1980s,0.10946004880606319,7.818658562095855
SMR,1990s,-0.0830626727471426,-5.933111528350049
SMR,2000s,0.1262979917109276,9.021381636835676
SMR,2010s,-0.04769584364693072,-3.4068824230763863
SMR,2020-2024,-0.03320194008604971,-2.371592521321868
SOM,1960s,-0.24740505627631318,-17.67197879646345
SOM,1970s,0.1284432555914216,9.17461641052829
SOM,1980s,-0.1595595689860245,-11.397234002948856
SOM,1990s,0.0457926043487072,3.270935304496732
SOM,2000s,0.010907954528323799,0.7791479448263046
SOM,2010s,0.17618848612989407,12.585026506455364
SOM,2020-2024,0.03511280414344181,2.5080842713831237
SRB,1960s,0.0364621286645998,2.6044656254522205
SRB,1970s,-0.0158042432764256,-1.1288865970597504
SRB,1980s,-0.11314243213326503,-8.081688756620588
SRB,1990s,-0.3481532319928202,-24.86835405185044
SRB,2000s,0.2140562960088834,15.289899007131408
SRB,2010s,0.1453238559501015,10.380386478852982
SRB,2020-2024,-0.10840174322037888,-7.74306449723768
SSD,1960s,-0.3075618207934348,-21.968936518390976
SSD,1970s,0.3458067996170781,24.700749946196517
SSD,1980s,-0.08225690655872961,-5.875556184854408
SSD,1990s,0.06400388436966117,4.571754937007894
SSD,2000s,0.1134557515768338,8.104068956308517
SSD,2010s,-0.13728324555205498,-9.80605102021868
SSD,2020-2024,-0.04059781514869709,-2.89987496330408
STP,1960s,-0.19498373994919743,-13.927558999396487
STP,1970s,0.15417888299641,11.012895177582662
STP,1980s,-0.09517224781624939,-6.798090430060257
STP,1990s,0.061967527798804906,4.4262993400858175
STP,2000s,0.074965969072287,5.354769364221066
STP,2010s,0.04774011341336701,3.410044583080557
STP,2020-2024,0.06167169372625708,4.405168108832816
SUR,1960s,-0.1944265797112788,-13.887761413773443
SUR,1970s,0.2228518308523585,15.9181582173387
SUR,1980s,-0.1433084151368787,-10.236424880602451
SUR,1990s,0.202728942675598,14.480793684310912
SUR,2000s,0.04456351966877678,3.183142602400417
SUR,2010s,0.06607863193248409,4.719952776979571
SUR,2020-2024,0.05243524780333386,3.7454149131572927
SVK,1960s,-0.053905024097812795,-3.8504000573677954
SVK,1970s,0.1165845540893369,8.327557241032673
SVK,1980s,0.1992654905011636,14.233401596572769
SVK,1990s,-0.11688417421630859,-8.348958907637755
SVK,2000s,0.040255331919090975,2.875411613755621
SVK,2010s,-0.04965648386948429,-3.5469296515443576
SVK,2020-2024,-0.007011303725693696,-0.5008127668888182
SVN,1960s,0.018374282617313997,1.3124627996719238
SVN,1970s,-0.01989044369020171,-1.4207611777866
SVN,1980s,-0.1695228778947892,-12.108906538782808
SVN,1990s,0.3535147107757296,25.251320919202755
SVN,2000s,-0.010225182995533766,-0.7303780278654379
SVN,2010s,-0.04728793644705259,-3.377745882798405
SVN,2020-2024,0.023201124364515602,1.657240898770936
SWE,1960s,-0.2174680267063763,-15.533596664134832
SWE,1970s,0.12616940269864002,9.012196609121181
SWE,1980s,0.017445892439348493,1.246148506072654
SWE,1990s,0.18520638402967418,13.229168962038816
SWE,2000s,0.02822612148511211,2.016173104539171
SWE,2010s,-0.0991168211669935,-7.079848683770282
SWE,2020-2024,0.09838310143276638,7.0274395706302215
SWZ,1960s,0.34827686413760517,24.877185013812515
SWZ,1970s,-0.0750658953406857,-5.361907031182808
SWZ,1980s,0.019209266806265196,1.3721051655338723
SWZ,1990s,-0.03870111746100752,-2.7643951076186872
SWZ,2000s,0.08363950323572421,5.974314146909239
SWZ,2010s,-0.07738644602465711,-5.527662424789078
SWZ,2020-2024,0.0366382209625067,2.617043781297814
SYC,1960s,0.07612295741457119,5.43741227281937
SYC,1970s,0.1140874767452949,8.149192665380044
SYC,1980s,0.004055740325324214,0.28969883684609776
SYC,1990s,-0.04104725069703971,-2.9319778459218764
SYC,2000s,0.23477271045626458,16.76965872733693
SYC,2010s,-0.05385037778010987,-3.8464967072007226
SYC,2020-2024,-0.00486851549340106,-0.34775482710243427
SYR,1960s,0.012792215395440204,0.9137394466810506
SYR,1970s,0.11566545749411822,8.261906781874448
SYR,1980s,-0.10842334539623211,-7.7446075263066145
SYR,1990s,0.041289644035067685,2.9492918410135944
SYR,2000s,-0.07857818896264468,-5.612787831067881
SYR,2010s,-0.2330305053450438,-16.64521417374544
SYR,2020-2024,0.043052643841746396,3.075221745885867
TCD,1960s,-0.2977998006777078,-21.27164190730952
TCD,1970s,0.1993007457855595,14.235919858113924
TCD,1980s,0.1880832762975445,13.434663465355406
TCD,1990s,-0.1669600830006075,-11.925847802185757
TCD,2000s,0.2407240391252009,17.194758180158008
TCD,2010s,-0.007005852308576921,-0.5004233757860319
TCD,2020-2024,-0.08180254206157822,-5.843101230697944
TGO,1960s,-0.2714172372056247,-19.387152926800187
TGO,1970s,0.1335717082400965,9.540938375932384
TGO,1980s,0.1077309163153467,7.6951477771016705
TGO,1990s,-0.2492054767202379,-17.80058163259232
TGO,2000s,0.29469681796430003,21.049997913680336
TGO,2010s,0.04424256383028502,3.160216940096681
TGO,2020-2024,0.02014207398427087,1.4387349625114025
THA,1960s,-0.057968013021328646,-4.140616656766828
THA,1970s,-0.03865819580168539,-2.7613292420100133
THA,1980s,-0.0025502757772820073,-0.18216450439447576
THA,1990s,0.09161669074742718,6.544119350909529
THA,2000s,-0.11684849926113033,-8.346410669291442
THA,2010s,0.060558721109513575,4.325669214266292
THA,2020-2024,0.1268610931782675,9.06160360052899
TJK,1960s,0.1386781177267393,9.905685812917774
TJK,1970s,-0.1996135402158504,-14.258262556452227
TJK,1980s,0.23506432547021427,16.790488594037367
TJK,1990s,0.06811972766483831,4.865746889058796
TJK,2000s,0.0403757845253373,2.8840154633923336
TJK,2010s,-0.00739977550889781,-0.528561048266464
TJK,2020-2024,0.037108866102326,2.6506616509433565
TKM,1960s,0.1968803322316696,14.06303132605723
TKM,1970s,-0.1918122552419278,-13.701021953857767
TKM,1980s,0.36357830962439597,25.970157098812287
TKM,1990s,-0.03677926935213799,-2.6271187740580895
TKM,2000s,0.0427129262187341,3.0509559417789642
TKM,2010s,0.005310547820797706,0.37932890256668267
TKM,2020-2024,0.021673892991588117,1.5481517764794113
TLS,1960s,0.0057046896525393,0.4074821917442393
TLS,1970s,-0.0632615779138147,-4.5187324800474915
TLS,1980s,0.0791353734199561,5.652587146666061
TLS,1990s,0.224810235927837,16.05804579073611
TLS,2000s,0.09206292397254712,6.575993493707119
TLS,2010s,0.003684209233616509,0.2631606178068206
TLS,2020-2024,0.017228138398749593,1.230594479626201
TON,1960s,0.22728891346699587,16.235096080550576
TON,1970s,-0.0016866957468661403,-0.12047955657548656
TON,1980s,-0.030070526145428905,-2.1479177040222712
TON,1990s,0.1287937643649129,9.19965301934438
TON,2000s,0.038672575572412715,2.7623563794792956
TON,2010s,0.013866709633397034,0.9904898562154786
TON,2020-2024,0.008324167062954135,0.5945897228165455
TTO,1960s,0.1447387253781452,10.338590990852826
TTO,1970s,0.021553727602874495,1.5395684426002352
TTO,1980s,0.07933075347917523,5.666543014487599
TTO,1990s,0.1199126551297105,8.565281287190743
TTO,2000s,0.02761561368632598,1.9725649380869275
TTO,2010s,-0.06563519066026974,-4.688278061523082
TTO,2020-2024,0.09411035945897478,6.722240450207743
TUN,1960s,-0.07555386719363538,-5.396762536435566
TUN,1970s,0.0757175061824939,5.408451160689682
TUN,1980s,0.07296781649402528,5.212042653107682
TUN,1990s,-0.03562378434695779,-2.544583247830322
TUN,2000s,-0.014328547731318808,-1.0234786447095883
TUN,2010s,0.15189262725909058,10.849589449230537
TUN,2020-2024,-0.1261699981942025,-9.012239144973568
TUR,1960s,-0.05301415498709028,-3.7867658686730845
TUR,1970s,-0.06534426780711658,-4.667497635408479
TUR,1980s,0.09381184335208781,6.700917643023813
TUR,1990s,0.09240243718509222,6.600244696910159
TUR,2000s,-0.0486400132569344,-3.4743238310224522
TUR,2010s,-0.17000693265559638,-12.1434822487463
TUR,2020-2024,0.07873568779117329,5.624037867749092
TUV,1960s,0.046153908063645305,3.2967429888083197
TUV,1970s,0.34096817587815814,24.355130267256897
TUV,1980s,-0.051689244092900544,-3.692128363758169
TUV,1990s,0.008773140202883306,0.6266595759085882
TUV,2000s,-0.24360385710242183,-17.4004616649497
TUV,2010s,0.058113791232406495,4.151029497530588
TUV,2020-2024,-0.023922443963536183,-1.708764278491715
TZA,1960s,0.012207837923993492,0.8719977521499435
TZA,1970s,0.2069787528242404,14.784354799698649
TZA,1980s,0.07911121259803688,5.650861355208571
TZA,1990s,0.003216035696920083,0.22971929313023737
TZA,2000s,0.06475001068589786,4.625050244058094
TZA,2010s,-0.17022094187304082,-12.158768784962852
TZA,2020-2024,0.1261816155082315,9.013068961996238
UGA,1960s,0.1427467765692124,10.196307410860888
UGA,1970s,-0.04698441581568499,-3.356065605755777
UGA,1980s,0.17476644754215323,12.483451234920725
UGA,1990s,0.12836415292832876,9.168966159858556
UGA,2000s,0.004379094599234079,0.3127958177982533
UGA,2010s,-0.06443786590153322,-4.602753949496685
UGA,2020-2024,-0.13040936646422913,-9.315054403909256
UKR,1960s,0.1779035660417937,12.707533525081047
UKR,1970s,-0.1129403382289005,-8.067253323300925
UKR,1980s,0.24552570239084381,17.5377377970476
UKR,1990s,0.17234910187101954,12.31078183969104
UKR,2000s,-0.04515733729065152,-3.22555860060466
UKR,2010s,-0.0755989825448517,-5.399985095998776
UKR,2020-2024,0.042891018422543725,3.0636769495744725
URY,1960s,-0.05289254235147067,-3.77807915890895
URY,1970s,-0.164655513602657,-11.761233941222162
URY,1980s,0.3940594329568982,28.147403487110694
URY,1990s,0.030586273920558904,2.184757224942334
URY,2000s,-0.006160877607801485,-0.44006739430207065
URY,2010s,-0.01676705605274459,-1.1976596739893923
URY,2020-2024,0.04577866482443349,3.2699396135391363
USA,1960s,0.021017876055561296,1.5012929225898644
USA,1970s,0.0283229284551193,2.0230879620892375
USA,1980s,0.05800041566360911,4.142931155976942
USA,1990s,-0.0665874335670947,-4.756296139697278
USA,2000s,0.026886736861298,1.9205017507333824
USA,2010s,-0.1578857862393852,-11.27767681340031
USA,2020-2024,0.0882901385552719,6.306505937950655
UZB,1960s,0.2060817196220856,14.72028031404829
UZB,1970s,-0.2673942666021848,-19.099794809416423
UZB,1980s,0.272523862266135,19.466198419642225
UZB,1990s,0.1681880365278567,12.013559706797578
UZB,2000s,-0.07796805401938528,-5.569206297438191
UZB,2010s,0.11153341820914059,7.9667579610325445
UZB,2020-2024,-0.03083917737770564,-2.202821950859891
VCT,1960s,0.0537655375545263,3.840436626254254
VCT,1970s,0.13952011311411588,9.96582898402508
VCT,1980s,-0.01436362970957128,-1.0259845271080599
VCT,1990s,-0.009330217138430796,-0.6664512112986068
VCT,2000s,0.021259536095797282,1.5185545387074961
VCT,2010s,-0.12055336327817981,-8.611046644556057
VCT,2020-2024,0.0291116190450961,2.0794236069334313
VEN,1960s,0.054750198906574205,3.910770332432245
VEN,1970s,-0.04196200179545348,-2.9973179091304285
VEN,1980s,0.008138005604165999,0.5812923334990515
VEN,1990s,0.10284919963627531,7.346449998077536
VEN,2000s,-0.24121258487977779,-17.2296546788227
VEN,2010s,-0.1731164905635433,-12.365595904152924
VEN,2020-2024,0.16535299804355058,11.81105479143376
VNM,1960s,-0.0509520145119742,-3.639468544600289
VNM,1970s,-0.005210053053166991,-0.37215062808250204
VNM,1980s,0.157537788382329,11.252819557676952
VNM,1990s,0.18469008686434546,13.192290198541867
VNM,2000s,-0.06886387761068258,-4.918901025284946
VNM,2010s,-0.08194914031965989,-5.853572646874356
VNM,2020-2024,0.06813136018652005,4.866577792353996
VUT,1960s,-0.0125829161749514,-0.8987893424177668
VUT,1970s,0.042561049437697396,3.0401074842148708
VUT,1980s,0.1478091402060487,10.557908682058205
VUT,1990s,-0.038649555324973606,-2.7607120584991334
VUT,2000s,0.0784561153762722,5.60406819589772
VUT,2010s,0.08576483318526867,6.126125053158023
VUT,2020-2024,0.004254407398362747,0.3038894938808972
WSM,1960s,0.017792511275695005,1.2709072592629251
WSM,1970s,0.013092378274955019,0.9351798817396896
WSM,1980s,0.0828946455934359,5.921109460396278
WSM,1990s,-0.19402671402028926,-13.85919927313268
WSM,2000s,0.0771736745231803,5.512464297801769
WSM,2010s,-0.0323893352867759,-2.313548700395941
WSM,2020-2024,0.027087582742275795,1.934848038571706
YEM,1960s,-0.0029926683370871954,-0.21376431102033155
YEM,1970s,0.11752985193766188,8.395079238292439
YEM,1980s,0.05320440183226299,3.8003550744257404
YEM,1990s,-0.0935796448555489,-6.684331858686312
YEM,2000s,0.1735769130545886,12.398483576788362
YEM,2010s,-0.04991089322081871,-3.56510194248324
YEM,2020-2024,-0.0636820217534307,-4.548764504172735
ZAF,1960s,-0.094302777760144,-6.7359847616195365
ZAF,1970s,-0.07695271558243849,-5.496681347467409
ZAF,1980s,0.049138190141564786,3.509908274908045
ZAF,1990s,0.43213814342917284,30.86734047704494
ZAF,2000s,-0.06980811874215409,-4.9863475419619405
ZAF,2010s,-0.07111814989056436,-5.079922196521777
ZAF,2020-2024,-0.0659259748199903,-4.709048580857941
ZMB,1960s,0.10057877144106639,7.184274820542709
ZMB,1970s,0.1355062549147601,9.679121759610856
ZMB,1980s,-0.1000240202225125,-7.144649309572361
ZMB,1990s,-0.022069368916041887,-1.576400359013041
ZMB,2000s,0.07688371575470049,5.491752735614854
ZMB,2010s,-0.10181328278542995,-7.272455145674064
ZMB,2020-2024,0.1140657645153983,8.14764177522391
ZWE,1960s,-0.4277392308182693,-30.55312907184002
ZWE,1970s,0.34542115433773407,24.673203560111695
ZWE,1980s,0.020984710508593796,1.4989239296048211
ZWE,1990s,-0.1573229283279116,-11.237472246740708
ZWE,2000s,0.024342538451541003,1.7387713486634782
ZWE,2010s,0.102987162855563,7.356304619169923
ZWE,2020-2024,0.049291889923676,3.520886948227708
