country_code,decade,contemporaneous_effect
AFG,1960s,3.1243882311239886
AFG,1970s,-1.9395954093652032
AFG,1980s,0.0587155610771215
AFG,1990s,2.868983951175955
AFG,2000s,15.412767252942242
AFG,2010s,0.5723596767077518
AFG,2020-2024,-2.4462788919964864
AGO,1960s,1.3663418939625644
AGO,1970s,-2.3802393883267046
AGO,1980s,2.414942075088363
AGO,1990s,2.690477955529732
AGO,2000s,-0.32244980193735007
AGO,2010s,-0.6087355693984787
AGO,2020-2024,-0.18077865814253977
ALB,1960s,0.09067739488098953
ALB,1970s,-3.2050808121080006
ALB,1980s,5.025740179379849
ALB,1990s,8.770819864547814
ALB,2000s,-1.2957240484642694
ALB,2010s,-1.8922355651130471
ALB,2020-2024,-0.5251854707362017
AND,1960s,-0.25632933370656785
AND,1970s,-0.6324995075172409
AND,1980s,-0.22827852925753964
AND,1990s,5.605511963910472
AND,2000s,1.7414732646298823
AND,2010s,-0.9165490898056438
AND,2020-2024,-1.1638001068104553
ARE,1960s,3.4122410844212343
ARE,1970s,3.578424555890304
ARE,1980s,5.432611916041706
ARE,1990s,-3.1014419636973187
ARE,2000s,0.6620940465888167
ARE,2010s,-0.05321200567353189
ARE,2020-2024,-0.8812133981475847
ARG,1960s,-4.582296688796447
ARG,1970s,1.625070731189932
ARG,1980s,5.349818642804948
ARG,1990s,1.2304531918058812
ARG,2000s,-9.790785866085729
ARG,2010s,0.6838796928671378
ARG,2020-2024,0.4438762933571136
ARM,1960s,7.406598952485992
ARM,1970s,-0.716126224486487
ARM,1980s,3.6279335798414607
ARM,1990s,8.660516466045445
ARM,2000s,-1.4707380939432726
ARM,2010s,0.9145064099499465
ARM,2020-2024,0.5666586767478605
ATG,1960s,-6.285798902354845
ATG,1970s,0.8488219175403509
ATG,1980s,5.847979110024889
ATG,1990s,-2.3486239561197486
ATG,2000s,1.0041908857640007
ATG,2010s,0.9054649990661099
ATG,2020-2024,-0.09394288113117108
AUS,1960s,-1.5588430872793313
AUS,1970s,-1.4820300530120492
AUS,1980s,1.6647593039261928
AUS,1990s,-0.8533708358515899
AUS,2000s,1.5702849589459527
AUS,2010s,1.3113153836590288
AUS,2020-2024,0.7793670418883785
AUT,1960s,-1.3820403001263564
AUT,1970s,-0.9362855273761046
AUT,1980s,-5.201974190463042
AUT,1990s,6.628225564866538
AUT,2000s,-0.5283889263345343
AUT,2010s,-0.8795238299969919
AUT,2020-2024,1.2251730815417794
AZE,1960s,6.6584750129127155
AZE,1970s,0.9184602385501969
AZE,1980s,2.8402873059717977
AZE,1990s,6.86597287495136
AZE,2000s,1.338550928327384
AZE,2010s,-1.366565941298228
AZE,2020-2024,-0.5735272351265375
BDI,1960s,2.211173516401286
BDI,1970s,0.24250825741101673
BDI,1980s,0.08422941803708221
BDI,1990s,-3.1601021912496905
BDI,2000s,3.836971893098592
BDI,2010s,-6.748897785174442
BDI,2020-2024,3.1908957372450883
BEL,1960s,-0.8352278479808244
BEL,1970s,-2.896156948216878
BEL,1980s,-1.2790552260552033
BEL,1990s,1.0361441633468118
BEL,2000s,-0.10810811644144885
BEL,2010s,-1.6467290558627377
BEL,2020-2024,1.069072969402051
BEN,1960s,-8.302558839360787
BEN,1970s,0.0634823620022728
BEN,1980s,5.502750946618181
BEN,1990s,0.7300580639147357
BEN,2000s,-1.24272231835987
BEN,2010s,-1.0591040688453583
BEN,2020-2024,0.7899350119963477
BFA,1960s,-4.882982576417992
BFA,1970s,0.3521318813539373
BFA,1980s,-3.5288619775776735
BFA,1990s,0.4192743010684423
BFA,2000s,6.579558030207553
BFA,2010s,-1.5397019325638903
BFA,2020-2024,-3.021772429619161
BGD,1960s,-0.10933221155906125
BGD,1970s,-0.9875003928405376
BGD,1980s,1.2108403670516432
BGD,1990s,-0.6741292098785876
BGD,2000s,-0.7592708429691002
BGD,2010s,-1.963409429083565
BGD,2020-2024,-1.1371345153563028
BGR,1960s,-4.423405399674678
BGR,1970s,0.1110526398724953
BGR,1980s,-2.856503826495625
BGR,1990s,5.386631101044209
BGR,2000s,0.34946380647217856
BGR,2010s,-0.998670309810281
BGR,2020-2024,-1.2254573405087974
BHR,1960s,1.327741012912057
BHR,1970s,0.6366999694590023
BHR,1980s,3.3723554949046313
BHR,1990s,-4.686687650000188
BHR,2000s,3.203989057584673
BHR,2010s,-5.057913725107836
BHR,2020-2024,0.6092985485793311
BHS,1960s,-2.820643768766259
BHS,1970s,6.138336318953681
BHS,1980s,-0.29939956541365065
BHS,1990s,2.259495622199126
BHS,2000s,6.503001386144513
BHS,2010s,-2.4923078015329696
BHS,2020-2024,0.8412804513090265
BIH,1960s,0.7718154196292657
BIH,1970s,-0.2077646983930417
BIH,1980s,-3.0056587912588055
BIH,1990s,8.827388716866151
BIH,2000s,-0.3962643882715093
BIH,2010s,-2.628247845913484
BIH,2020-2024,-1.7051039606589833
BLR,1960s,3.805929922674254
BLR,1970s,1.0535287880607025
BLR,1980s,3.3785551845071606
BLR,1990s,-2.112646482133113
BLR,2000s,-1.9303216368078715
BLR,2010s,2.4560933162011738
BLR,2020-2024,-3.728253454403079
BLZ,1960s,4.20007350923025
BLZ,1970s,1.3830431847530729
BLZ,1980s,0.13687455351474095
BLZ,1990s,-1.4474846508731751
BLZ,2000s,-2.637067422152371
BLZ,2010s,-2.4302567117663774
BLZ,2020-2024,0.5143121649752196
BOL,1960s,1.0427525409670177
BOL,1970s,-1.7842272946155164
BOL,1980s,12.007743418741741
BOL,1990s,1.1970418555723346
BOL,2000s,-5.200683879422436
BOL,2010s,-0.8069188319852776
BOL,2020-2024,-0.27108311342942526
BRA,1960s,-4.964326748209865
BRA,1970s,2.954006732980299
BRA,1980s,-1.9019728464456058
BRA,1990s,3.5061123644193755
BRA,2000s,-0.49891547709756073
BRA,2010s,0.3248755173787506
BRA,2020-2024,0.4517045187130452
BRB,1960s,2.5342654540437515
BRB,1970s,0.6000121683277102
BRB,1980s,-0.505145979220732
BRB,1990s,1.7806204891426614
BRB,2000s,-1.2685083361053977
BRB,2010s,-1.5006010420779534
BRB,2020-2024,1.0663370451994227
BRN,1960s,0.6539670075842202
BRN,1970s,0.160277985962389
BRN,1980s,5.631288002489437
BRN,1990s,3.3946590205669964
BRN,2000s,-0.35723982445273195
BRN,2010s,0.7557315971504636
BRN,2020-2024,0.4956585902902509
BTN,1960s,1.2259347209725586
BTN,1970s,-2.307915147218129
BTN,1980s,4.197474130036221
BTN,1990s,-4.7095996748181825
BTN,2000s,2.6715032023236223
BTN,2010s,-1.68136271359296
BTN,2020-2024,1.4754886734829942
BWA,1960s,7.260634308408008
BWA,1970s,-2.2398627981014494
BWA,1980s,3.914807390875225
BWA,1990s,0.11937124856963685
BWA,2000s,-0.6385009107750421
BWA,2010s,-2.8729563129158224
BWA,2020-2024,0.7779276750600718
CAF,1960s,-4.83349946587213
CAF,1970s,-5.698747294927088
CAF,1980s,4.732238942477834
CAF,1990s,3.690919188597185
CAF,2000s,-3.252984490879025
CAF,2010s,-1.4712015127194031
CAF,2020-2024,-2.597407218628293
CAN,1960s,-1.1921636523890238
CAN,1970s,1.8917112769832527
CAN,1980s,-0.9215083725036193
CAN,1990s,-1.0317541657807414
CAN,2000s,-0.00900840218492839
CAN,2010s,-2.0008746081734863
CAN,2020-2024,-1.162792636660653
CHE,1960s,3.1069663301721815
CHE,1970s,0.7899906382328454
CHE,1980s,-4.0997384823272505
CHE,1990s,-0.8151729664392503
CHE,2000s,-1.2881362278954231
CHE,2010s,1.9387955274034752
CHE,2020-2024,0.17564166021319727
CHL,1960s,-2.75698285995646
CHL,1970s,-7.45340137202796
CHL,1980s,2.7838710378238263
CHL,1990s,6.494033245493197
CHL,2000s,2.418586457948814
CHL,2010s,-0.33289676689803416
CHL,2020-2024,0.3521189323118886
CHN,1960s,-0.680896868811285
CHN,1970s,10.50268699015374
CHN,1980s,-0.6050260260861413
CHN,1990s,-1.353479811392629
CHN,2000s,0.6407161088894435
CHN,2010s,-1.1739319891450766
CHN,2020-2024,-0.4797877972491574
CIV,1960s,-4.216612951614893
CIV,1970s,0.7317679102480887
CIV,1980s,1.6901308623164806
CIV,1990s,-3.3252299584969616
CIV,2000s,3.620053142006541
CIV,2010s,6.91632076944366
CIV,2020-2024,0.6125513676086274
CMR,1960s,-1.2543467781682929
CMR,1970s,-1.7937750239753012
CMR,1980s,0.6249739748726679
CMR,1990s,-7.08025346583596
CMR,2000s,3.076847307514315
CMR,2010s,2.279753231947003
CMR,2020-2024,0.46008851774521964
COD,1960s,1.3918628406178453
COD,1970s,-0.9725413052921699
COD,1980s,1.8266572516972914
COD,1990s,-5.257829890798286
COD,2000s,3.751414624874667
COD,2010s,-4.570896217130691
COD,2020-2024,0.5445575464117516
COG,1960s,-1.3858231707661064
COG,1970s,0.4872402023806253
COG,1980s,5.9116942920213065
COG,1990s,-5.045601179329786
COG,2000s,3.6002116645842395
COG,2010s,-2.4643151033454567
COG,2020-2024,1.655205819926307
COL,1960s,1.8877557901747435
COL,1970s,-2.51067118565597
COL,1980s,-0.9052442484701565
COL,1990s,-2.2682505523531358
COL,2000s,0.10741239209385448
COL,2010s,1.4030255466810897
COL,2020-2024,-0.0033755182701854305
COM,1960s,1.1183556178481058
COM,1970s,5.335003895394722
COM,1980s,-1.1408713187394266
COM,1990s,1.4212972897613871
COM,2000s,5.673448662103693
COM,2010s,-0.5364269473447743
COM,2020-2024,1.142471409836392
CPV,1960s,2.043935060990641
CPV,1970s,7.753766634646355
CPV,1980s,-2.2779140942896774
CPV,1990s,-0.16917318916737026
CPV,2000s,0.7227225079505587
CPV,2010s,-0.22881549158854758
CPV,2020-2024,-0.07894915066392452
CRI,1960s,2.412580909790017
CRI,1970s,-3.94768380573411
CRI,1980s,1.7805288748116201
CRI,1990s,0.870302261495695
CRI,2000s,-1.5433413879336835
CRI,2010s,-0.15471938000320523
CRI,2020-2024,-0.46222537100061056
CUB,1960s,-1.356434228209233
CUB,1970s,6.184017786628762
CUB,1980s,-1.609105901629751
CUB,1990s,4.660334789074441
CUB,2000s,-3.794998816652866
CUB,2010s,4.294181679068608
CUB,2020-2024,0.08248894543719676
CYP,1960s,-0.7724726954667689
CYP,1970s,-1.9658655406491135
CYP,1980s,1.7442118942139408
CYP,1990s,-1.3419536578091935
CYP,2000s,0.10335941797426372
CYP,2010s,0.30372927176107345
CYP,2020-2024,0.22150419054953566
CZE,1960s,2.5933884294183454
CZE,1970s,4.750756080932467
CZE,1980s,3.1795711672481812
CZE,1990s,2.861892630201323
CZE,2000s,-0.9476926776689325
CZE,2010s,-1.144604729141641
CZE,2020-2024,-0.3820836416033368
DEU,1960s,-3.8889129956536395
DEU,1970s,0.2210732436308086
DEU,1980s,-0.6471071210825495
DEU,1990s,-1.8440153106505566
DEU,2000s,-1.7770839337585627
DEU,2010s,-1.2991814596584246
DEU,2020-2024,2.1403688149802793
DJI,1960s,-0.5653827507121486
DJI,1970s,6.589768312922698
DJI,1980s,0.6409416396026171
DJI,1990s,0.9599320851943253
DJI,2000s,4.577065025855831
DJI,2010s,0.015104524771756132
DJI,2020-2024,0.17791627825436213
DMA,1960s,4.286998447824648
DMA,1970s,2.861153230808067
DMA,1980s,-2.422287343105641
DMA,1990s,-2.6817018801953334
DMA,2000s,-1.8635405324640533
DMA,2010s,0.08955504228757385
DMA,2020-2024,0.13816176220608575
DNK,1960s,-0.706152589870972
DNK,1970s,-2.8657195510493256
DNK,1980s,-3.058445821748674
DNK,1990s,3.4465294242939106
DNK,2000s,-0.3422356479990867
DNK,2010s,0.09459914071183795
DNK,2020-2024,-0.01625810920750076
DOM,1960s,9.913375844030007
DOM,1970s,1.229979004062066
DOM,1980s,-1.3457922621041232
DOM,1990s,2.2899518954915155
DOM,2000s,0.7146899544053453
DOM,2010s,-0.45859919048234
DOM,2020-2024,0.8973716059423831
DZA,1960s,1.8466024771927532
DZA,1970s,3.3603518490362663
DZA,1980s,-0.3960768238631869
DZA,1990s,-5.921550980423371
DZA,2000s,3.469786160116918
DZA,2010s,0.9015775817180192
DZA,2020-2024,-0.6826960660208076
ECU,1960s,2.583703934728315
ECU,1970s,-3.024336507710028
ECU,1980s,3.462773101215107
ECU,1990s,-0.10492239892075945
ECU,2000s,-4.427164513889282
ECU,2010s,-0.15074613872065923
ECU,2020-2024,1.0431424545382548
EGY,1960s,-4.940491148540581
EGY,1970s,4.151990722486069
EGY,1980s,2.2045013608092714
EGY,1990s,-0.8704245436321681
EGY,2000s,-2.0556701358804603
EGY,2010s,-3.4710471464266544
EGY,2020-2024,0.755823365623997
ERI,1960s,0.2300636606837035
ERI,1970s,-5.3292253835741334
ERI,1980s,5.810112885347413
ERI,1990s,7.449721557220373
ERI,2000s,-9.529167883803092
ERI,2010s,3.120190347410429
ERI,2020-2024,-1.380541142993155
ESP,1960s,-1.727839438234659
ESP,1970s,-0.8464412679237241
ESP,1980s,0.6723716866576355
ESP,1990s,0.0034348866960522417
ESP,2000s,-0.0206422978113825
ESP,2010s,-0.5586477811227818
ESP,2020-2024,0.7736197049832594
EST,1960s,-3.7200381516815573
EST,1970s,-2.431115500988458
EST,1980s,0.895432580501448
EST,1990s,11.100739854172645
EST,2000s,-0.09312955127852462
EST,2010s,0.18318675356691677
EST,2020-2024,-0.8895446606496783
ETH,1960s,-1.949633047468323
ETH,1970s,-6.4440966656051915
ETH,1980s,4.19528473238349
ETH,1990s,3.811856211281412
ETH,2000s,-0.695666915750781
ETH,2010s,1.807197977672491
ETH,2020-2024,-1.3472593624701434
FIN,1960s,-1.37788882080766
FIN,1970s,1.7244716325870213
FIN,1980s,-1.8889206609182003
FIN,1990s,4.204899129977481
FIN,2000s,-2.6841561204665365
FIN,2010s,1.0547895581571967
FIN,2020-2024,-0.026642770017889603
FJI,1960s,-0.27861947763441963
FJI,1970s,-3.3671166989638106
FJI,1980s,-2.730155766123537
FJI,1990s,6.347791764431882
FJI,2000s,-0.9966178776639876
FJI,2010s,12.009958474312038
FJI,2020-2024,-0.44550417436349143
FRA,1960s,-2.705632314490029
FRA,1970s,3.2019082131698937
FRA,1980s,-0.7710535825842803
FRA,1990s,-2.341616389876251
FRA,2000s,1.8198013273979419
FRA,2010s,-1.6440927041685731
FRA,2020-2024,0.11104444779259157
FSM,1960s,4.070706041999142
FSM,1970s,2.2022684904152996
FSM,1980s,1.999782951643011
FSM,1990s,0.08371207723467589
FSM,2000s,-0.8345594300219418
FSM,2010s,-0.8454547956157827
FSM,2020-2024,-0.8059174779440917
GAB,1960s,-8.681384974432321
GAB,1970s,6.22369108222503
GAB,1980s,1.559553061593842
GAB,1990s,-3.6603170565582865
GAB,2000s,1.1833489196775078
GAB,2010s,-0.24470716784225488
GAB,2020-2024,-0.3412659701281331
GBR,1960s,-1.3629721148632754
GBR,1970s,0.3258540129126473
GBR,1980s,2.559772272484116
GBR,1990s,-0.9864588480854907
GBR,2000s,0.9773598602153829
GBR,2010s,-2.800359448365444
GBR,2020-2024,0.8149923232894933
GEO,1960s,4.741122024981136
GEO,1970s,-1.5493658074789791
GEO,1980s,5.185102071163848
GEO,1990s,9.845124373893732
GEO,2000s,-1.3561591384397431
GEO,2010s,0.736004089238378
GEO,2020-2024,-1.1849009911542994
GHA,1960s,-3.406560439775319
GHA,1970s,-1.3864596645525533
GHA,1980s,3.9421122783997915
GHA,1990s,3.018701976705866
GHA,2000s,0.6887918144243899
GHA,2010s,-1.448623751708078
GHA,2020-2024,-0.08206875867452201
GIN,1960s,-4.896270345774221
GIN,1970s,3.6062941021693624
GIN,1980s,1.7394089144258877
GIN,1990s,1.045392673548823
GIN,2000s,-6.443597920069222
GIN,2010s,10.907037971791095
GIN,2020-2024,-2.7892675180412057
GMB,1960s,6.019914283905126
GMB,1970s,2.8647331679564383
GMB,1980s,1.419221400514744
GMB,1990s,-11.522047095736166
GMB,2000s,5.192415293948492
GMB,2010s,2.069771592536353
GMB,2020-2024,1.9511145016173026
GNB,1960s,-1.26621354156098
GNB,1970s,2.956444055421598
GNB,1980s,5.095487755634144
GNB,1990s,2.9748154041387407
GNB,2000s,-2.766814801908621
GNB,2010s,-1.143879143963819
GNB,2020-2024,0.6814680967901515
GNQ,1960s,2.093948979066894
GNQ,1970s,-5.71421708584447
GNQ,1980s,-3.375353416247939
GNQ,1990s,-3.846990476683768
GNQ,2000s,3.770903736734967
GNQ,2010s,-0.8635677344539516
GNQ,2020-2024,0.16842317336667967
GRC,1960s,-3.23273782663725
GRC,1970s,2.27758758441709
GRC,1980s,-5.677997350617286
GRC,1990s,0.5615432214594618
GRC,2000s,2.9103448057685375
GRC,2010s,0.11089891876588132
GRC,2020-2024,0.5251550027948045
GRD,1960s,-0.2613490042048714
GRD,1970s,4.372725831241521
GRD,1980s,2.992170025854541
GRD,1990s,1.759093112296466
GRD,2000s,4.141791184348403
GRD,2010s,-0.6654535255714266
GRD,2020-2024,-0.8793604968366868
GTM,1960s,1.2701968090223572
GTM,1970s,1.3385576793445702
GTM,1980s,7.295525157077192
GTM,1990s,4.95696719510511
GTM,2000s,-1.2782164753623757
GTM,2010s,-3.0626575438894688
GTM,2020-2024,-1.1769257390753571
GUY,1960s,6.522228603898581
GUY,1970s,-7.602354948221997
GUY,1980s,1.0007207488071095
GUY,1990s,4.0629098296946795
GUY,2000s,-1.0098018779008449
GUY,2010s,-1.5613717733852543
GUY,2020-2024,1.2970483613668438
HND,1960s,-3.8081027726853827
HND,1970s,0.6929269823952501
HND,1980s,2.102811477559139
HND,1990s,-0.21178084525292823
HND,2000s,-4.847541960662001
HND,2010s,4.6900451435115995
HND,2020-2024,0.14779918633373174
HRV,1960s,1.2314043444598086
HRV,1970s,-1.619762811942968
HRV,1980s,-1.5779487416473343
HRV,1990s,7.7812902933243375
HRV,2000s,2.5635630769461217
HRV,2010s,-1.2629201185399193
HRV,2020-2024,0.24799206208366498
HTI,1960s,-7.092245269837896
HTI,1970s,3.3631401345197416
HTI,1980s,2.2277127297305572
HTI,1990s,-3.7934383640154286
HTI,2000s,2.929486478347177
HTI,2010s,-5.157132059456894
HTI,2020-2024,-0.9006879417262941
HUN,1960s,6.564907574302579
HUN,1970s,3.9970148291817207
HUN,1980s,0.9259735461176544
HUN,1990s,1.7676233049422256
HUN,2000s,-2.7988526184674054
HUN,2010s,-5.373695231655056
HUN,2020-2024,-1.3311611426010557
IDN,1960s,0.657988185483393
IDN,1970s,-2.1927756714401214
IDN,1980s,0.21640134300513225
IDN,1990s,-5.048622183285632
IDN,2000s,4.899582307718536
IDN,2010s,-1.5708437473968953
IDN,2020-2024,1.4895974241706749
IND,1960s,-3.797597452061897
IND,1970s,-0.8277120431765103
IND,1980s,4.255592760779365
IND,1990s,-3.5232042900828517
IND,2000s,8.799999712772607
IND,2010s,-3.8424369853955396
IND,2020-2024,1.0095685865052524
IRL,1960s,-0.657065757392534
IRL,1970s,1.9514094727676798
IRL,1980s,1.7042451289197156
IRL,1990s,1.3518344769637898
IRL,2000s,-2.7441040144607687
IRL,2010s,-0.684973264875196
IRL,2020-2024,0.04613748057524955
IRN,1960s,1.177063743308604
IRN,1970s,-2.7601233746811245
IRN,1980s,-1.5524792842362605
IRN,1990s,-1.8741682344834334
IRN,2000s,-6.327481950125495
IRN,2010s,6.354806711472242
IRN,2020-2024,-0.23188399101322
IRQ,1960s,-0.41080184409346393
IRQ,1970s,4.431690195702079
IRQ,1980s,5.079720835306771
IRQ,1990s,-3.0267045664788363
IRQ,2000s,9.069871276925571
IRQ,2010s,2.055813886974696
IRQ,2020-2024,-0.3770126613681096
ISL,1960s,1.2845146376967185
ISL,1970s,-3.442251361820008
ISL,1980s,1.7410802029923964
ISL,1990s,2.7689797724808556
ISL,2000s,-2.517255421168888
ISL,2010s,0.3915710049437652
ISL,2020-2024,-0.5474383772792628
ISR,1960s,0.26740791799761987
ISR,1970s,0.3420637392673685
ISR,1980s,3.192533841566242
ISR,1990s,9.833189974044377
ISR,2000s,-2.7487829659800336
ISR,2010s,-0.22513676244420172
ISR,2020-2024,-1.2093465629676856
ITA,1960s,-1.2048110872507118
ITA,1970s,-1.9912851625449832
ITA,1980s,1.1285712101029528
ITA,1990s,0.009677317002200009
ITA,2000s,-2.2427006946520853
ITA,2010s,-0.4693008024797692
ITA,2020-2024,0.8346190328032903
JAM,1960s,4.102799814685591
JAM,1970s,0.7422114005936956
JAM,1980s,3.191167309857162
JAM,1990s,-1.3108930829177394
JAM,2000s,-0.40377461637180534
JAM,2010s,0.5445622872668563
JAM,2020-2024,0.0520515800407078
JOR,1960s,4.275075962969174
JOR,1970s,1.53840273991884
JOR,1980s,0.18135542591961937
JOR,1990s,4.022564779105299
JOR,2000s,-0.35038685453304874
JOR,2010s,0.7363314580738847
JOR,2020-2024,0.21058936463357672
JPN,1960s,0.6917534936436445
JPN,1970s,0.36020436603092976
JPN,1980s,0.5553623897959298
JPN,1990s,0.7865380773630761
JPN,2000s,0.5029764276858231
JPN,2010s,0.41262565816990465
JPN,2020-2024,0.05080672683250896
KAZ,1960s,3.7523093928840767
KAZ,1970s,-1.115527794864034
KAZ,1980s,3.9966538692981954
KAZ,1990s,7.556978550013805
KAZ,2000s,-0.7807943902248267
KAZ,2010s,0.38756004751148854
KAZ,2020-2024,-0.000649667157828257
KEN,1960s,0.8827793689023273
KEN,1970s,0.8699302512593531
KEN,1980s,-0.4584659870706769
KEN,1990s,-3.705461005039458
KEN,2000s,3.416576697629938
KEN,2010s,1.459779460628969
KEN,2020-2024,0.8896506098653902
KGZ,1960s,2.048072511470183
KGZ,1970s,1.4368435638228285
KGZ,1980s,5.204920286849182
KGZ,1990s,8.112730806567178
KGZ,2000s,-1.2008539252089858
KGZ,2010s,-1.7680718055523759
KGZ,2020-2024,0.5971452699371739
KHM,1960s,-1.365313071573012
KHM,1970s,-4.373349413693929
KHM,1980s,6.896397749083944
KHM,1990s,-1.3653156220387455
KHM,2000s,3.6440201669167736
KHM,2010s,-2.9083126005671147
KHM,2020-2024,1.2643953325718502
KIR,1960s,-1.7773801964876028
KIR,1970s,0.24245042418273643
KIR,1980s,-3.036309546868277
KIR,1990s,-2.456247008947011
KIR,2000s,-3.0817963251366396
KIR,2010s,-1.7233260642171633
KIR,2020-2024,0.3716844712528814
KNA,1960s,0.250763859578081
KNA,1970s,-1.5908737014339813
KNA,1980s,6.93410427394913
KNA,1990s,-1.0957780216903341
KNA,2000s,1.0202778378201227
KNA,2010s,-3.3263389855857515
KNA,2020-2024,0.503683401178868
KOR,1960s,3.4498572031026082
KOR,1970s,-2.8047207260905207
KOR,1980s,4.945709504513326
KOR,1990s,2.896661449512228
KOR,2000s,-2.728880406459768
KOR,2010s,-1.3755521636637256
KOR,2020-2024,0.8631747933650111
KWT,1960s,4.503997500364049
KWT,1970s,4.172271544279381
KWT,1980s,1.1449110503608573
KWT,1990s,-1.7254196255807948
KWT,2000s,-0.7108015226533971
KWT,2010s,0.32491325557079753
KWT,2020-2024,-0.17113647514909336
LAO,1960s,-2.358870791414218
LAO,1970s,7.078392509673001
LAO,1980s,2.111260020160003
LAO,1990s,2.9047883470406832
LAO,2000s,-0.9567626030367775
LAO,2010s,0.5903307754702123
LAO,2020-2024,0.3308228195013966
LBN,1960s,-3.034232626372434
LBN,1970s,-1.3307061430012121
LBN,1980s,-6.387334830217318
LBN,1990s,6.703338960225614
LBN,2000s,1.0501385722356407
LBN,2010s,-1.6504228444843694
LBN,2020-2024,0.16680747862234385
LBR,1960s,-0.9993793710552521
LBR,1970s,-0.5957778427249201
LBR,1980s,-0.4426240693697176
LBR,1990s,1.2369942636117663
LBR,2000s,9.542537995695184
LBR,2010s,-1.216742972422202
LBR,2020-2024,-0.770357375752637
LBY,1960s,-2.0821513560616265
LBY,1970s,-2.2748141074835964
LBY,1980s,-4.664908644005119
LBY,1990s,0.03576953185306886
LBY,2000s,6.988133572765223
LBY,2010s,-5.02717258183791
LBY,2020-2024,0.7604333074804298
LCA,1960s,-4.624013568908165
LCA,1970s,2.066685582335942
LCA,1980s,-3.671668644923526
LCA,1990s,-3.1740232925794927
LCA,2000s,0.2351109940216777
LCA,2010s,-4.485093818827589
LCA,2020-2024,-0.056828544000241316
LIE,1960s,-0.9804204752307317
LIE,1970s,5.063838915709439
LIE,1980s,0.37336074766066496
LIE,1990s,-4.423100221620572
LIE,2000s,5.577270068875628
LIE,2010s,2.337143498201771
LIE,2020-2024,-0.3015178854554658
LKA,1960s,-1.4552161796754268
LKA,1970s,2.3354256109857126
LKA,1980s,-0.5801761696325
LKA,1990s,0.8500712505557169
LKA,2000s,3.3544623868003285
LKA,2010s,2.1562028616729085
LKA,2020-2024,-0.04255975196236779
LSO,1960s,6.816708166956767
LSO,1970s,3.5733022756978103
LSO,1980s,2.5488769898584165
LSO,1990s,-2.079412130891211
LSO,2000s,2.5665815054803973
LSO,2010s,-2.7464857829305434
LSO,2020-2024,0.394950786056385
LTU,1960s,-1.0495166681296484
LTU,1970s,2.4840653433866264
LTU,1980s,0.07361106395286565
LTU,1990s,12.531013154615971
LTU,2000s,-0.09434507472403503
LTU,2010s,1.1013906046208368
LTU,2020-2024,-0.8279410701737444
LUX,1960s,-1.1822645582695233
LUX,1970s,2.296680366651291
LUX,1980s,1.1232542727073271
LUX,1990s,0.17122494342864802
LUX,2000s,-3.082234853395592
LUX,2010s,-1.3314604995230825
LUX,2020-2024,-0.5182389277655212
LVA,1960s,-2.9000728255868804
LVA,1970s,1.167607650207228
LVA,1980s,1.6850972880786537
LVA,1990s,11.510541577282977
LVA,2000s,-0.6166593027410578
LVA,2010s,1.3422785613745298
LVA,2020-2024,-0.10642546610009404
MAR,1960s,-0.7523864803659571
MAR,1970s,0.6089707261037044
MAR,1980s,0.3837471141447637
MAR,1990s,2.3069184089297936
MAR,2000s,1.3050828346186452
MAR,2010s,0.004209733013235774
MAR,2020-2024,-0.3684286905403204
MCO,1960s,-0.18612931259200147
MCO,1970s,0.11749962571656107
MCO,1980s,1.2352033982968098
MCO,1990s,2.5025198825338273
MCO,2000s,9.972854102102879
MCO,2010s,-0.48256043081194416
MCO,2020-2024,0.004661590210124491
MDA,1960s,4.885544081014031
MDA,1970s,0.9170558191300325
MDA,1980s,3.740868350400742
MDA,1990s,10.125755954552012
MDA,2000s,-3.250628315986016
MDA,2010s,0.6179801234986234
MDA,2020-2024,0.5601301872414651
MDG,1960s,-3.230364863134654
MDG,1970s,-5.63470478804682
MDG,1980s,2.8202270405918264
MDG,1990s,-1.7699753305915007
MDG,2000s,-2.606746608442277
MDG,2010s,6.295948527533643
MDG,2020-2024,-0.07592182192413573
MDV,1960s,6.189932788090184
MDV,1970s,-1.6721726643147412
MDV,1980s,5.113352442678861
MDV,1990s,-3.4325698188352716
MDV,2000s,5.10918036893946
MDV,2010s,-5.626151474839934
MDV,2020-2024,1.5872043871723776
MEX,1960s,0.8625903959480208
MEX,1970s,0.18767781491374097
MEX,1980s,0.16615246991522017
MEX,1990s,1.4773838511035449
MEX,2000s,-2.238024853633809
MEX,2010s,-0.5460883066128563
MEX,2020-2024,0.06072026673418962
MHL,1960s,4.253892510638007
MHL,1970s,-1.857062004270556
MHL,1980s,1.223180079913923
MHL,1990s,1.2801832335755439
MHL,2000s,-0.6591236387861363
MHL,2010s,-0.42142716939395525
MHL,2020-2024,-0.4677540458393496
MKD,1960s,2.83178682853495
MKD,1970s,-1.7532017790107401
MKD,1980s,-2.1299873547366506
MKD,1990s,10.646869790572275
MKD,2000s,-0.5754846332187245
MKD,2010s,-1.8407982696734926
MKD,2020-2024,-0.8120136634849633
MLI,1960s,-7.783003362998926
MLI,1970s,1.268707165115451
MLI,1980s,1.551529137517746
MLI,1990s,3.610687438514643
MLI,2000s,0.635046391796542
MLI,2010s,-2.0194784249213638
MLI,2020-2024,-3.5930518231245294
MLT,1960s,9.65785757418445
MLT,1970s,-3.2684964871266744
MLT,1980s,2.000575690256036
MLT,1990s,-0.5319368872409652
MLT,2000s,2.49760644403492
MLT,2010s,0.08021810512416205
MLT,2020-2024,-0.6990491612117802
MMR,1960s,-5.435618108697154
MMR,1970s,3.783477221160424
MMR,1980s,-2.370927548449742
MMR,1990s,-1.5346496031733525
MMR,2000s,-0.5444029458558104
MMR,2010s,10.282214497133845
MMR,2020-2024,-4.303756193893671
MNE,1960s,2.389284331544732
MNE,1970s,0.5152279342913683
MNE,1980s,-4.274426874352832
MNE,1990s,-9.506121556454426
MNE,2000s,6.626690505797205
MNE,2010s,-0.8564570166346795
MNE,2020-2024,-1.026491748512663
MNG,1960s,6.732475396338967
MNG,1970s,0.7845591629816803
MNG,1980s,3.745218051953187
MNG,1990s,2.351466644399473
MNG,2000s,-0.37085505625624826
MNG,2010s,1.0112569862282166
MNG,2020-2024,0.08899899934624231
MOZ,1960s,6.3971805600875244
MOZ,1970s,4.522725027347027
MOZ,1980s,1.5921198940944326
MOZ,1990s,2.8898868654213166
MOZ,2000s,-1.6703845550319734
MOZ,2010s,-2.2897084332068456
MOZ,2020-2024,0.46963072392549615
MRT,1960s,-4.831131464870932
MRT,1970s,2.2082619417740665
MRT,1980s,3.406303203140339
MRT,1990s,1.1055460532014978
MRT,2000s,-0.9213314581884043
MRT,2010s,2.14242721985669
MRT,2020-2024,0.3821970914408751
MUS,1960s,1.8969613962622751
MUS,1970s,-4.372065907707726
MUS,1980s,1.4243989949242244
MUS,1990s,1.4119836189460846
MUS,2000s,-0.4485805854296023
MUS,2010s,0.9593924286836222
MUS,2020-2024,0.14356021498537277
MWI,1960s,8.090989478288332
MWI,1970s,-1.002187029481039
MWI,1980s,2.482372787791471
MWI,1990s,2.2485916683287575
MWI,2000s,-1.1132483772478041
MWI,2010s,-1.3606361082772034
MWI,2020-2024,0.031888348043336595
MYS,1960s,1.171873516522684
MYS,1970s,-1.8846940142432773
MYS,1980s,-3.1030096092854995
MYS,1990s,-2.2287337562020166
MYS,2000s,2.7374464328457626
MYS,2010s,-1.7075577906576371
MYS,2020-2024,1.2795626563047893
NAM,1960s,1.4967809446768805
NAM,1970s,4.814935223478809
NAM,1980s,-0.9809531789664876
NAM,1990s,-1.1040840855397023
NAM,2000s,-1.1087365644456093
NAM,2010s,-0.3304390035347411
NAM,2020-2024,0.27906615127550033
NER,1960s,-4.3578187328299185
NER,1970s,6.234546999035318
NER,1980s,2.9844893073163643
NER,1990s,-3.2234424407206177
NER,2000s,7.5636895151342225
NER,2010s,6.550043358320412
NER,2020-2024,-2.7300375905716026
NGA,1960s,-4.021138760258749
NGA,1970s,-3.3355178668500103
NGA,1980s,-0.9113613619434742
NGA,1990s,-11.545142372122807
NGA,2000s,1.7961056973616136
NGA,2010s,1.7290306415409542
NGA,2020-2024,0.6912330679427681
NIC,1960s,-0.5366544205643894
NIC,1970s,-0.2565011451717669
NIC,1980s,-7.001229392055401
NIC,1990s,3.1419076467730287
NIC,2000s,-4.810842446691914
NIC,2010s,-1.5626292247790334
NIC,2020-2024,1.2011221979068638
NLD,1960s,-0.46872687670857927
NLD,1970s,0.27744764341026706
NLD,1980s,-1.439023938108278
NLD,1990s,0.41833353282149915
NLD,2000s,-0.42894125164141894
NLD,2010s,1.7536207163087116
NLD,2020-2024,1.3439974799576169
NOR,1960s,-0.3042697858011373
NOR,1970s,2.8346542445450122
NOR,1980s,-2.069995471319177
NOR,1990s,-0.7146836366591973
NOR,2000s,0.25523322565066614
NOR,2010s,-1.6872620833858487
NOR,2020-2024,0.5093933293952145
NPL,1960s,0.7189950295819698
NPL,1970s,0.5694106126752083
NPL,1980s,2.171134344002531
NPL,1990s,-0.618754433097757
NPL,2000s,0.18275707699027555
NPL,2010s,1.2633445988321315
NPL,2020-2024,0.26620288749004484
NRU,1960s,3.332534871159155
NRU,1970s,-0.3771261516845081
NRU,1980s,-0.4275089630920157
NRU,1990s,2.303904537883637
NRU,2000s,3.8834082653626885
NRU,2010s,0.6688659415043483
NRU,2020-2024,0.42618065224035645
NZL,1960s,-3.2445142492399106
NZL,1970s,-1.5759189153945459
NZL,1980s,-4.189710087861157
NZL,1990s,2.5091682743432795
NZL,2000s,2.151868853667703
NZL,2010s,-0.49325081415750094
NZL,2020-2024,0.6445867081014716
OMN,1960s,-5.260653693343023
OMN,1970s,4.75374259711507
OMN,1980s,1.5196536942206187
OMN,1990s,0.37150928308463443
OMN,2000s,2.7062982292738798
OMN,2010s,0.16916364649430762
OMN,2020-2024,0.5966794854869085
PAK,1960s,-1.9953055647509843
PAK,1970s,-6.73545183678001
PAK,1980s,4.739153932575085
PAK,1990s,-3.1597134677307843
PAK,2000s,11.342679189977625
PAK,2010s,-0.21611093584675273
PAK,2020-2024,0.4455007598819337
PAN,1960s,2.0552347438890926
PAN,1970s,2.6318020001294573
PAN,1980s,-6.122329051112054
PAN,1990s,6.816613786097523
PAN,2000s,-0.4476111002890064
PAN,2010s,-0.38222022442136594
PAN,2020-2024,-0.17883163792881873
PER,1960s,-2.291031963132526
PER,1970s,0.9343854794023341
PER,1980s,-5.4206703835804415
PER,1990s,0.6031370499369988
PER,2000s,3.1908819266459303
PER,2010s,-0.6272583701904579
PER,2020-2024,-0.5659691524025215
PHL,1960s,-1.0040059491028366
PHL,1970s,2.3177560924125737
PHL,1980s,1.1194431288911084
PHL,1990s,0.9101709638291663
PHL,2000s,-1.4175659096101512
PHL,2010s,-1.9175908606539882
PHL,2020-2024,1.141778029387535
PLW,1960s,0.04469907214501241
PLW,1970s,-1.225011521612018
PLW,1980s,-0.24698126299514045
PLW,1990s,7.689446249517796
PLW,2000s,-1.1872785599222329
PLW,2010s,-0.4758563855617295
PLW,2020-2024,-0.47013206248091655
PNG,1960s,1.573992342693725
PNG,1970s,7.394349567214072
PNG,1980s,0.9919514853853184
PNG,1990s,-2.3194165482238525
PNG,2000s,0.5857498932089155
PNG,2010s,1.3849443817432188
PNG,2020-2024,0.2679777725355997
POL,1960s,-0.08609055232817547
POL,1970s,3.6448191709648543
POL,1980s,-5.493169193754795
POL,1990s,2.2993624248212114
POL,2000s,-4.149202374518371
POL,2010s,0.3779519309413709
POL,2020-2024,-0.5444104164766906
PRK,1960s,-2.33994269857923
PRK,1970s,1.616112130487126
PRK,1980s,-1.0939795764822455
PRK,1990s,6.2172111295842125
PRK,2000s,-9.691992471077953
PRK,2010s,-2.4213119941158348
PRK,2020-2024,-0.17530323332428072
PRT,1960s,-6.957341712279749
PRT,1970s,7.2700249438193785
PRT,1980s,-0.08236282094755659
PRT,1990s,0.897692014286613
PRT,2000s,-1.2799404453936227
PRT,2010s,0.046662092597673635
PRT,2020-2024,-0.1817815506689358
PRY,1960s,-1.3018637792628565
PRY,1970s,-4.7811890432834785
PRY,1980s,0.8473878248777942
PRY,1990s,4.435629842861525
PRY,2000s,-0.09842758052938423
PRY,2010s,-1.4734472182756926
PRY,2020-2024,-1.3887248923381164
QAT,1960s,-1.3926752244860028
QAT,1970s,6.343542622463443
QAT,1980s,0.6008909046210181
QAT,1990s,6.273777331844342
QAT,2000s,0.3617526452307311
QAT,2010s,0.053272375717396944
QAT,2020-2024,0.6984795740694218
ROU,1960s,5.232187286630119
ROU,1970s,1.3483140966020144
ROU,1980s,-6.045082576322634
ROU,1990s,10.393108731612735
ROU,2000s,0.8040929736032466
ROU,2010s,-0.3017895845096407
ROU,2020-2024,-0.3825135200057131
RUS,1960s,2.7499315390496335
RUS,1970s,1.3599867472352578
RUS,1980s,3.5346454307646766
RUS,1990s,1.8670673553385184
RUS,2000s,-1.712967426081314
RUS,2010s,-6.189316243142444
RUS,2020-2024,-1.3492100906515399
RWA,1960s,7.47672250844724
RWA,1970s,1.7903818320246603
RWA,1980s,0.9029151834065308
RWA,1990s,0.30520572463551005
RWA,2000s,1.3042988977749133
RWA,2010s,-1.9895414029484049
RWA,2020-2024,-0.33518527478716353
SAU,1960s,1.6038213978244609
SAU,1970s,3.6110986003086696
SAU,1980s,-0.37505357582824894
SAU,1990s,-2.211348755285383
SAU,2000s,2.8642351936267025
SAU,2010s,-3.324949177066483
SAU,2020-2024,0.8762854925252479
SDN,1960s,-4.813903222032658
SDN,1970s,8.663418803124568
SDN,1980s,-1.4846484814236693
SDN,1990s,-6.888251617182467
SDN,2000s,3.0962973214359537
SDN,2010s,0.7915903525663219
SDN,2020-2024,-1.8970057412812928
SEN,1960s,-0.9009433039610684
SEN,1970s,4.087793890011079
SEN,1980s,2.3845537037852607
SEN,1990s,1.0219224819235608
SEN,2000s,0.4465913745603059
SEN,2010s,0.7837241721770358
SEN,2020-2024,-0.062106095467260966
SGP,1960s,6.47557352224352
SGP,1970s,-2.2754985140015114
SGP,1980s,-1.534263786880738
SGP,1990s,3.3129026415367218
SGP,2000s,-0.08744074407667693
SGP,2010s,0.5022566113150323
SGP,2020-2024,0.26058041025331147
SLB,1960s,-0.024364717055892243
SLB,1970s,6.528124975969129
SLB,1980s,-1.6051641071739948
SLB,1990s,0.24472212052630943
SLB,2000s,3.6129241718897958
SLB,2010s,0.8817683653118217
SLB,2020-2024,-1.2600582350822724
SLE,1960s,6.1747341760992285
SLE,1970s,0.865185616987501
SLE,1980s,-1.2290339967734467
SLE,1990s,-1.2374657636398128
SLE,2000s,2.0963148671883736
SLE,2010s,-0.2619798296011191
SLE,2020-2024,-0.9382412336679193
SLV,1960s,2.737903633886063
SLV,1970s,-7.637905107955282
SLV,1980s,11.218623537524833
SLV,1990s,7.532001041627323
SLV,2000s,-1.8212235709387536
SLV,2010s,-0.1926477003678691
SLV,2020-2024,-1.9671490363010065
SMR,1960s,-1.1434162127659677
SMR,1970s,1.49652476873813
SMR,1980s,2.3549580504629746
SMR,1990s,-0.6309920038808173
SMR,2000s,3.281195387846773
SMR,2010s,-0.6260581979076023
SMR,2020-2024,-0.7154217814814559
SOM,1960s,-6.727752465024656
SOM,1970s,1.3251400267297573
SOM,1980s,1.951267328167365
SOM,1990s,3.8940853793716528
SOM,2000s,0.6441678765413212
SOM,2010s,4.816413246141197
SOM,2020-2024,-0.09534683529950568
SRB,1960s,0.06110712644209361
SRB,1970s,-1.0577897651856882
SRB,1980s,-1.063595769832526
SRB,1990s,-11.511579104564973
SRB,2000s,7.386181161194022
SRB,2010s,4.605265636404627
SRB,2020-2024,-1.70862212991206
SSD,1960s,-7.609047245568878
SSD,1970s,9.052301145729368
SSD,1980s,-2.1601197195825916
SSD,1990s,-1.1285218922240587
SSD,2000s,3.378083271023406
SSD,2010s,-3.4668658775981553
SSD,2020-2024,-0.18777900856298366
STP,1960s,-7.9421090736081466
STP,1970s,4.124163356775755
STP,1980s,0.9314922523099636
STP,1990s,2.2592652142806022
STP,2000s,1.1433415482541416
STP,2010s,1.251889270076539
STP,2020-2024,0.8569570387210614
SUR,1960s,-4.487488462682746
SUR,1970s,7.668150955295571
SUR,1980s,-5.775715252769995
SUR,1990s,6.256539407703823
SUR,2000s,-0.08586929605288207
SUR,2010s,1.1900999549569256
SUR,2020-2024,0.7271152456671968
SVK,1960s,3.0536569697973905
SVK,1970s,6.458644752979792
SVK,1980s,1.8565651881561946
SVK,1990s,-3.4002064498225693
SVK,2000s,2.8051405875554014
SVK,2010s,-0.8166605664732383
SVK,2020-2024,-0.06668748478965114
SVN,1960s,0.07307572587780434
SVN,1970s,0.6236243120677796
SVN,1980s,-2.6193985513185485
SVN,1990s,11.420957933592408
SVN,2000s,0.9254533012123787
SVN,2010s,-1.66432231447783
SVN,2020-2024,-0.22156920471504252
SWE,1960s,-4.124843360725791
SWE,1970s,3.292632742441819
SWE,1980s,-0.8329972120585045
SWE,1990s,8.104320781517858
SWE,2000s,-1.4897072192455583
SWE,2010s,-0.5791599499605989
SWE,2020-2024,0.8614080473854202
SWZ,1960s,5.136026022611903
SWZ,1970s,-4.3589857485085055
SWZ,1980s,1.9476334539912283
SWZ,1990s,-4.218740207934113
SWZ,2000s,1.5108942255961777
SWZ,2010s,-3.471490576491198
SWZ,2020-2024,0.011103169838499821
SYC,1960s,3.425461836233611
SYC,1970s,6.1873019226638695
SYC,1980s,-1.084324473188224
SYC,1990s,-2.5447647446047696
SYC,2000s,3.222310222834114
SYC,2010s,-1.6128444071797368
SYC,2020-2024,0.0005078021859052234
SYR,1960s,1.3109413049918741
SYR,1970s,6.397605135689659
SYR,1980s,-3.036084504602628
SYR,1990s,2.781688128597205
SYR,2000s,-5.613202556647879
SYR,2010s,-9.253087764393289
SYR,2020-2024,0.5789868166601816
TCD,1960s,-6.907662466477225
TCD,1970s,5.062012014737694
TCD,1980s,6.7750384623107145
TCD,1990s,-4.705423940800516
TCD,2000s,8.225575307137031
TCD,2010s,0.2411612335449865
TCD,2020-2024,-1.7318755836783166
TGO,1960s,-6.4472374812119595
TGO,1970s,2.0807621347355503
TGO,1980s,0.516095698869218
TGO,1990s,-8.927634933985415
TGO,2000s,5.3780510281717095
TGO,2010s,1.5974593766292065
TGO,2020-2024,0.270601607569938
THA,1960s,-0.5223372366948211
THA,1970s,-4.84874618850368
THA,1980s,-0.2784602457283288
THA,1990s,-0.17496267236586444
THA,2000s,-1.9800221450638613
THA,2010s,0.425984308977414
THA,2020-2024,1.7695413166838743
TJK,1960s,2.2309582325207558
TJK,1970s,-1.2362521548425986
TJK,1980s,1.816889381865602
TJK,1990s,3.9136813181137553
TJK,2000s,2.140768529035853
TJK,2010s,-0.3731459916049577
TJK,2020-2024,0.747265688500363
TKM,1960s,3.768091331875457
TKM,1970s,1.1760962589504989
TKM,1980s,6.632935473079674
TKM,1990s,1.6531231564129145
TKM,2000s,-1.7946686982266842
TKM,2010s,0.6053660495010775
TKM,2020-2024,0.2501257171452413
TLS,1960s,-1.7564756158946302
TLS,1970s,-1.5532346906524794
TLS,1980s,2.1072589849063332
TLS,1990s,-0.23060581800510782
TLS,2000s,4.060833385050499
TLS,2010s,-0.3815534015502485
TLS,2020-2024,0.08634367049994184
TON,1960s,3.5706645341333445
TON,1970s,-2.0952328375015337
TON,1980s,-2.7128404131207713
TON,1990s,1.4451317693122805
TON,2000s,-0.9066103053051833
TON,2010s,1.0607079260139125
TON,2020-2024,0.3716406418960631
TTO,1960s,7.183334965359277
TTO,1970s,1.1100141191509965
TTO,1980s,-0.4089557191179736
TTO,1990s,2.2649911525078
TTO,2000s,-1.4047293149627709
TTO,2010s,-1.0774354567462265
TTO,2020-2024,1.332464680546175
TUN,1960s,-2.9781457729520557
TUN,1970s,2.0459323575529123
TUN,1980s,1.8144664914600304
TUN,1990s,-1.7701067191377047
TUN,2000s,0.4582673788459572
TUN,2010s,4.272491497670417
TUN,2020-2024,-2.714033790986607
TUR,1960s,-1.4858441795493735
TUR,1970s,-3.0994266505117833
TUR,1980s,2.2198874932984776
TUR,1990s,1.4136477756063044
TUR,2000s,-1.5990877435571704
TUR,2010s,-2.873116718548187
TUR,2020-2024,0.9745197266298269
TUV,1960s,4.910867858527076
TUV,1970s,3.918567250868054
TUV,1980s,-3.729748595690607
TUV,1990s,-0.5720907536168477
TUV,2000s,-6.236640742572009
TUV,2010s,2.1463218585054586
TUV,2020-2024,-0.4289659123515987
TZA,1960s,2.611977684989378
TZA,1970s,4.994614358150535
TZA,1980s,1.621002713367346
TZA,1990s,-0.49973841005426073
TZA,2000s,1.2741901847187083
TZA,2010s,-2.95210223283025
TZA,2020-2024,2.0880614932028365
UGA,1960s,8.0481863133008
UGA,1970s,-4.578925049012541
UGA,1980s,1.978634498121043
UGA,1990s,3.4014661500153967
UGA,2000s,-0.39954334075614295
UGA,2010s,-2.9901091124461194
UGA,2020-2024,-1.8201840192405379
UKR,1960s,5.217859712829752
UKR,1970s,1.60451880334026
UKR,1980s,2.519823446437048
UKR,1990s,7.480695231074927
UKR,2000s,-2.6708814668323027
UKR,2010s,-2.0689521820740775
UKR,2020-2024,0.4094371584037617
URY,1960s,-1.4336136826067714
URY,1970s,-2.794878553329618
URY,1980s,10.102998723589156
URY,1990s,3.103570453395899
URY,2000s,-0.7913578002449333
URY,2010s,0.9356030762897709
URY,2020-2024,0.4401015855000225
USA,1960s,-0.151324665316654
USA,1970s,0.9881316095085628
USA,1980s,0.2257179160361008
USA,1990s,-1.6701620129082042
USA,2000s,0.24419125324170549
USA,2010s,-2.115093086537148
USA,2020-2024,1.34876980236019
UZB,1960s,4.885742140845723
UZB,1970s,-0.7760500486700362
UZB,1980s,4.189373733530977
UZB,1990s,7.338346131883636
UZB,2000s,-4.974003195022169
UZB,2010s,1.7907285523028702
UZB,2020-2024,-0.16788157496696712
VCT,1960s,1.6044663859736636
VCT,1970s,1.9426908683964035
VCT,1980s,-1.4556229196633765
VCT,1990s,-0.7540139902090854
VCT,2000s,-0.7393543530581179
VCT,2010s,-2.3956236391466734
VCT,2020-2024,0.37929621889275844
VEN,1960s,0.608205684823694
VEN,1970s,-3.4722048403024672
VEN,1980s,-1.9497538936543766
VEN,1990s,2.611138872800101
VEN,2000s,-7.920373209600218
VEN,2010s,-2.2832731044268977
VEN,2020-2024,3.5369117405721813
VNM,1960s,-1.7709186456371773
VNM,1970s,0.1546147921010473
VNM,1980s,0.3689971989734893
VNM,1990s,5.739943162441641
VNM,2000s,-1.8980276739808821
VNM,2010s,-2.0302427449024663
VNM,2020-2024,1.1294432586903955
VUT,1960s,-0.46507596863168366
VUT,1970s,0.7751732511476958
VUT,1980s,3.028158205678166
VUT,1990s,-0.8235284167537261
VUT,2000s,0.08649196054295427
VUT,2010s,2.8727891665644787
VUT,2020-2024,-0.07517661942908785
WSM,1960s,-0.4489374350738437
WSM,1970s,0.1041270381770423
WSM,1980s,-1.3093426947207685
WSM,1990s,-3.1514947491891885
WSM,2000s,-3.2270512765073036
WSM,2010s,0.2502444910869551
WSM,2020-2024,0.004414729914038393
YEM,1960s,2.4315523368859226
YEM,1970s,3.442151719421454
YEM,1980s,2.155540857984313
YEM,1990s,-2.478463677115186
YEM,2000s,5.8405884279146685
YEM,2010s,-1.6808587646567357
YEM,2020-2024,0.4714871267277763
ZAF,1960s,-3.4431473696273196
ZAF,1970s,-0.5638059304743783
ZAF,1980s,0.7429102845484621
ZAF,1990s,14.042293107914439
ZAF,2000s,-2.7900928195580974
ZAF,2010s,-0.9711032298157682
ZAF,2020-2024,-0.5062004122638945
ZMB,1960s,7.217276031520056
ZMB,1970s,1.2296751505302908
ZMB,1980s,-2.0295734962540273
ZMB,1990s,-0.35352970092948544
ZMB,2000s,1.9506128318433806
ZMB,2010s,-1.1615055738604751
ZMB,2020-2024,1.1546308255412392
ZWE,1960s,-14.296403746433468
ZWE,1970s,11.217289857265921
ZWE,1980s,0.5761098084013783
ZWE,1990s,0.8459146184737176
ZWE,2000s,-3.004426119616056
ZWE,2010s,3.6907863160616787
ZWE,2020-2024,0.17160753072105345
